{
    "description": "",
    "group": {
        "description": "",
        "id": "22b0f78b9e6b43ebbf92f2760d5f2dab",
        "is_error": false,
        "name": "\u0418\u043d\u0433\u0440\u0435\u0434\u0438\u0435\u043d\u0442\u044b"
    },
    "id": "a8e02b6ab2c94582a86116251e99f24b",
    "is_error": false,
    "name": "\u041c\u0443\u043a\u0430 \u043f\u0448\u0435\u043d\u0438\u0447\u043d\u0430\u044f",
    "unit": {
        "base_unit": {
            "base_unit": null,
            "coefficient": 1,
            "description": "",
            "id": "67cd8b026e264d5b8b539d2073a2279a",
            "is_error": false,
            "name": "\u0433\u0440\u0430\u043c\u043c"
        },
        "coefficient": 1000,
        "description": "",
        "id": "89ab4ff3d2404f57ad882fbd92c31525",
        "is_error": false,
        "name": "\u043a\u0438\u043b\u043b\u043e\u0433\u0440\u0430\u043c\u043c"
    }
}