[
    {
        "description": "",
        "group": {
            "description": "",
            "id": "eb47b1df761f4ccd99157b2cae2f2589",
            "is_error": false,
            "name": "\u0418\u043d\u0433\u0440\u0435\u0434\u0438\u0435\u043d\u0442\u044b"
        },
        "id": "6773e77bf4224d37b9a6a2324469fab0",
        "is_error": false,
        "name": "\u041c\u0443\u043a\u0430 \u043f\u0448\u0435\u043d\u0438\u0447\u043d\u0430\u044f",
        "unit": {
            "base_unit": {
                "base_unit": null,
                "coefficient": 1,
                "description": "",
                "id": "b362db1e203941948ad4942f3d1f5185",
                "is_error": false,
                "name": "\u0433\u0440\u0430\u043c\u043c"
            },
            "coefficient": 1000,
            "description": "",
            "id": "14345d4e33224e79ad113fda3b6e0f79",
            "is_error": false,
            "name": "\u043a\u0438\u043b\u043b\u043e\u0433\u0440\u0430\u043c\u043c"
        }
    },
    {
        "description": "",
        "group": {
            "description": "",
            "id": "eb47b1df761f4ccd99157b2cae2f2589",
            "is_error": false,
            "name": "\u0418\u043d\u0433\u0440\u0435\u0434\u0438\u0435\u043d\u0442\u044b"
        },
        "id": "f9a41d39084b41b6b59f9af6a830bb88",
        "is_error": false,
        "name": "\u0421\u0430\u0445\u0430\u0440",
        "unit": {
            "base_unit": {
                "base_unit": null,
                "coefficient": 1,
                "description": "",
                "id": "b362db1e203941948ad4942f3d1f5185",
                "is_error": false,
                "name": "\u0433\u0440\u0430\u043c\u043c"
            },
            "coefficient": 1000,
            "description": "",
            "id": "14345d4e33224e79ad113fda3b6e0f79",
            "is_error": false,
            "name": "\u043a\u0438\u043b\u043b\u043e\u0433\u0440\u0430\u043c\u043c"
        }
    },
    {
        "description": "",
        "group": {
            "description": "",
            "id": "eb47b1df761f4ccd99157b2cae2f2589",
            "is_error": false,
            "name": "\u0418\u043d\u0433\u0440\u0435\u0434\u0438\u0435\u043d\u0442\u044b"
        },
        "id": "0128232c03ca45f0babdf16a3411c1d1",
        "is_error": false,
        "name": "\u0421\u043b\u0438\u0432\u043e\u0447\u043d\u043e\u0435 \u043c\u0430\u0441\u043b\u043e",
        "unit": {
            "base_unit": {
                "base_unit": null,
                "coefficient": 1,
                "description": "",
                "id": "b362db1e203941948ad4942f3d1f5185",
                "is_error": false,
                "name": "\u0433\u0440\u0430\u043c\u043c"
            },
            "coefficient": 1000,
            "description": "",
            "id": "14345d4e33224e79ad113fda3b6e0f79",
            "is_error": false,
            "name": "\u043a\u0438\u043b\u043b\u043e\u0433\u0440\u0430\u043c\u043c"
        }
    },
    {
        "description": "",
        "group": {
            "description": "",
            "id": "eb47b1df761f4ccd99157b2cae2f2589",
            "is_error": false,
            "name": "\u0418\u043d\u0433\u0440\u0435\u0434\u0438\u0435\u043d\u0442\u044b"
        },
        "id": "abd8cafd0e234e649bb898fe35afc98d",
        "is_error": false,
        "name": "\u042f\u0439\u0446\u0430",
        "unit": {
            "base_unit": null,
            "coefficient": 1,
            "description": "",
            "id": "643ff572b78b44088a97d8af59a68038",
            "is_error": false,
            "name": "\u0448\u0442\u0443\u043a\u0430"
        }
    },
    {
        "description": "",
        "group": {
            "description": "",
            "id": "eb47b1df761f4ccd99157b2cae2f2589",
            "is_error": false,
            "name": "\u0418\u043d\u0433\u0440\u0435\u0434\u0438\u0435\u043d\u0442\u044b"
        },
        "id": "9f4c04a7fe2d4bac94ba1f918a172c92",
        "is_error": false,
        "name": "\u0412\u0430\u043d\u0438\u043b\u0438\u043d",
        "unit": {
            "base_unit": null,
            "coefficient": 1,
            "description": "",
            "id": "7b91fad984bc4f3295b6ae7603c8e39a",
            "is_error": false,
            "name": "\u0433\u0440\u0430\u043c\u043c"
        }
    },
    {
        "description": "",
        "group": {
            "description": "",
            "id": "eb47b1df761f4ccd99157b2cae2f2589",
            "is_error": false,
            "name": "\u0418\u043d\u0433\u0440\u0435\u0434\u0438\u0435\u043d\u0442\u044b"
        },
        "id": "4df1dc1ac007470790485595a43133b7",
        "is_error": false,
        "name": "\u041a\u0443\u0440\u0438\u043d\u043d\u043e\u0435 \u0444\u0438\u043b\u0435",
        "unit": {
            "base_unit": {
                "base_unit": null,
                "coefficient": 1,
                "description": "",
                "id": "b362db1e203941948ad4942f3d1f5185",
                "is_error": false,
                "name": "\u0433\u0440\u0430\u043c\u043c"
            },
            "coefficient": 1000,
            "description": "",
            "id": "14345d4e33224e79ad113fda3b6e0f79",
            "is_error": false,
            "name": "\u043a\u0438\u043b\u043b\u043e\u0433\u0440\u0430\u043c\u043c"
        }
    },
    {
        "description": "",
        "group": {
            "description": "",
            "id": "eb47b1df761f4ccd99157b2cae2f2589",
            "is_error": false,
            "name": "\u0418\u043d\u0433\u0440\u0435\u0434\u0438\u0435\u043d\u0442\u044b"
        },
        "id": "1be219b39d144250b4d6e5b41e1f06c7",
        "is_error": false,
        "name": "\u0421\u0430\u043b\u0430\u0442 \u0420\u043e\u043c\u0430\u043d\u043e",
        "unit": {
            "base_unit": null,
            "coefficient": 1,
            "description": "",
            "id": "7b91fad984bc4f3295b6ae7603c8e39a",
            "is_error": false,
            "name": "\u0433\u0440\u0430\u043c\u043c"
        }
    },
    {
        "description": "",
        "group": {
            "description": "",
            "id": "eb47b1df761f4ccd99157b2cae2f2589",
            "is_error": false,
            "name": "\u0418\u043d\u0433\u0440\u0435\u0434\u0438\u0435\u043d\u0442\u044b"
        },
        "id": "b07625f5c4d44640a4310e5ffad77b12",
        "is_error": false,
        "name": "\u0421\u044b\u0440 \u041f\u0430\u0440\u043c\u0435\u0437\u0430\u043d",
        "unit": {
            "base_unit": {
                "base_unit": null,
                "coefficient": 1,
                "description": "",
                "id": "b362db1e203941948ad4942f3d1f5185",
                "is_error": false,
                "name": "\u0433\u0440\u0430\u043c\u043c"
            },
            "coefficient": 1000,
            "description": "",
            "id": "14345d4e33224e79ad113fda3b6e0f79",
            "is_error": false,
            "name": "\u043a\u0438\u043b\u043b\u043e\u0433\u0440\u0430\u043c\u043c"
        }
    },
    {
        "description": "",
        "group": {
            "description": "",
            "id": "eb47b1df761f4ccd99157b2cae2f2589",
            "is_error": false,
            "name": "\u0418\u043d\u0433\u0440\u0435\u0434\u0438\u0435\u043d\u0442\u044b"
        },
        "id": "fa9e054abb8349afbd5fefba287684b5",
        "is_error": false,
        "name": "\u0427\u0435\u0441\u043d\u043e\u043a",
        "unit": {
            "base_unit": {
                "base_unit": null,
                "coefficient": 1,
                "description": "",
                "id": "b362db1e203941948ad4942f3d1f5185",
                "is_error": false,
                "name": "\u0433\u0440\u0430\u043c\u043c"
            },
            "coefficient": 1000,
            "description": "",
            "id": "14345d4e33224e79ad113fda3b6e0f79",
            "is_error": false,
            "name": "\u043a\u0438\u043b\u043b\u043e\u0433\u0440\u0430\u043c\u043c"
        }
    },
    {
        "description": "",
        "group": {
            "description": "",
            "id": "eb47b1df761f4ccd99157b2cae2f2589",
            "is_error": false,
            "name": "\u0418\u043d\u0433\u0440\u0435\u0434\u0438\u0435\u043d\u0442\u044b"
        },
        "id": "84f5cca30cd446aaa0ec80f878c57e34",
        "is_error": false,
        "name": "\u0411\u0435\u043b\u044b\u0439 \u0445\u043b\u0435\u0431",
        "unit": {
            "base_unit": {
                "base_unit": null,
                "coefficient": 1,
                "description": "",
                "id": "b362db1e203941948ad4942f3d1f5185",
                "is_error": false,
                "name": "\u0433\u0440\u0430\u043c\u043c"
            },
            "coefficient": 1000,
            "description": "",
            "id": "14345d4e33224e79ad113fda3b6e0f79",
            "is_error": false,
            "name": "\u043a\u0438\u043b\u043b\u043e\u0433\u0440\u0430\u043c\u043c"
        }
    },
    {
        "description": "",
        "group": {
            "description": "",
            "id": "eb47b1df761f4ccd99157b2cae2f2589",
            "is_error": false,
            "name": "\u0418\u043d\u0433\u0440\u0435\u0434\u0438\u0435\u043d\u0442\u044b"
        },
        "id": "0f120ee1f7be4c019cbbd9bd03373921",
        "is_error": false,
        "name": "\u0421\u043e\u043b\u044c",
        "unit": {
            "base_unit": {
                "base_unit": null,
                "coefficient": 1,
                "description": "",
                "id": "b362db1e203941948ad4942f3d1f5185",
                "is_error": false,
                "name": "\u0433\u0440\u0430\u043c\u043c"
            },
            "coefficient": 1000,
            "description": "",
            "id": "14345d4e33224e79ad113fda3b6e0f79",
            "is_error": false,
            "name": "\u043a\u0438\u043b\u043b\u043e\u0433\u0440\u0430\u043c\u043c"
        }
    },
    {
        "description": "",
        "group": {
            "description": "",
            "id": "eb47b1df761f4ccd99157b2cae2f2589",
            "is_error": false,
            "name": "\u0418\u043d\u0433\u0440\u0435\u0434\u0438\u0435\u043d\u0442\u044b"
        },
        "id": "7c46e453602d4f5db6dc5bc991bb209f",
        "is_error": false,
        "name": "\u0427\u0435\u0440\u043d\u044b\u0439 \u043f\u0435\u0440\u0435\u0446",
        "unit": {
            "base_unit": null,
            "coefficient": 1,
            "description": "",
            "id": "7b91fad984bc4f3295b6ae7603c8e39a",
            "is_error": false,
            "name": "\u0433\u0440\u0430\u043c\u043c"
        }
    },
    {
        "description": "",
        "group": {
            "description": "",
            "id": "eb47b1df761f4ccd99157b2cae2f2589",
            "is_error": false,
            "name": "\u0418\u043d\u0433\u0440\u0435\u0434\u0438\u0435\u043d\u0442\u044b"
        },
        "id": "d75d094e9d434e6aa4a504c7631dce06",
        "is_error": false,
        "name": "\u041e\u043b\u0438\u0432\u043a\u043e\u0432\u043e\u0435 \u043c\u0430\u0441\u043b\u043e",
        "unit": {
            "base_unit": {
                "base_unit": null,
                "coefficient": 1,
                "description": "",
                "id": "a3681f38723041c7b12b7fa155229864",
                "is_error": false,
                "name": "\u043c\u0438\u043b\u043b\u0438\u043b\u0438\u0442\u0440"
            },
            "coefficient": 1000,
            "description": "",
            "id": "a22d627f3764407c850dbff16e5311c0",
            "is_error": false,
            "name": "\u043b\u0438\u0442\u0440"
        }
    },
    {
        "description": "",
        "group": {
            "description": "",
            "id": "eb47b1df761f4ccd99157b2cae2f2589",
            "is_error": false,
            "name": "\u0418\u043d\u0433\u0440\u0435\u0434\u0438\u0435\u043d\u0442\u044b"
        },
        "id": "1e59ec5c61fa46d783dba1deb1e8be1f",
        "is_error": false,
        "name": "\u041b\u0438\u043c\u043e\u043d\u043d\u044b\u0439 \u0441\u043e\u043a",
        "unit": {
            "base_unit": {
                "base_unit": null,
                "coefficient": 1,
                "description": "",
                "id": "a3681f38723041c7b12b7fa155229864",
                "is_error": false,
                "name": "\u043c\u0438\u043b\u043b\u0438\u043b\u0438\u0442\u0440"
            },
            "coefficient": 1000,
            "description": "",
            "id": "a22d627f3764407c850dbff16e5311c0",
            "is_error": false,
            "name": "\u043b\u0438\u0442\u0440"
        }
    },
    {
        "description": "",
        "group": {
            "description": "",
            "id": "eb47b1df761f4ccd99157b2cae2f2589",
            "is_error": false,
            "name": "\u0418\u043d\u0433\u0440\u0435\u0434\u0438\u0435\u043d\u0442\u044b"
        },
        "id": "969f6ac0d0314d9894436521c3619fb8",
        "is_error": false,
        "name": "\u0413\u043e\u0440\u0447\u0438\u0446\u0430 \u0434\u0438\u0436\u043e\u043d\u0441\u043a\u0430\u044f",
        "unit": {
            "base_unit": null,
            "coefficient": 1,
            "description": "",
            "id": "7b91fad984bc4f3295b6ae7603c8e39a",
            "is_error": false,
            "name": "\u0433\u0440\u0430\u043c\u043c"
        }
    },
    {
        "description": "",
        "group": {
            "description": "",
            "id": "eb47b1df761f4ccd99157b2cae2f2589",
            "is_error": false,
            "name": "\u0418\u043d\u0433\u0440\u0435\u0434\u0438\u0435\u043d\u0442\u044b"
        },
        "id": "176f092376874d79b8d5fc6a1aea2ed5",
        "is_error": false,
        "name": "\u0421\u0430\u0445\u0430\u0440\u043d\u0430\u044f \u043f\u0443\u0434\u0440\u0430",
        "unit": {
            "base_unit": null,
            "coefficient": 1,
            "description": "",
            "id": "7b91fad984bc4f3295b6ae7603c8e39a",
            "is_error": false,
            "name": "\u0433\u0440\u0430\u043c\u043c"
        }
    },
    {
        "description": "",
        "group": {
            "description": "",
            "id": "eb47b1df761f4ccd99157b2cae2f2589",
            "is_error": false,
            "name": "\u0418\u043d\u0433\u0440\u0435\u0434\u0438\u0435\u043d\u0442\u044b"
        },
        "id": "d5776933832d4969be83e40f138faf5c",
        "is_error": false,
        "name": "\u0412\u0430\u043d\u0438\u043b\u0438\u0438\u043d",
        "unit": {
            "base_unit": null,
            "coefficient": 1,
            "description": "",
            "id": "7b91fad984bc4f3295b6ae7603c8e39a",
            "is_error": false,
            "name": "\u0433\u0440\u0430\u043c\u043c"
        }
    },
    {
        "description": "",
        "group": {
            "description": "",
            "id": "eb47b1df761f4ccd99157b2cae2f2589",
            "is_error": false,
            "name": "\u0418\u043d\u0433\u0440\u0435\u0434\u0438\u0435\u043d\u0442\u044b"
        },
        "id": "aefb395f888e484a92f867ed7491f2c9",
        "is_error": false,
        "name": "\u041a\u043e\u0440\u0438\u0446\u0430",
        "unit": {
            "base_unit": null,
            "coefficient": 1,
            "description": "",
            "id": "7b91fad984bc4f3295b6ae7603c8e39a",
            "is_error": false,
            "name": "\u0433\u0440\u0430\u043c\u043c"
        }
    },
    {
        "description": "",
        "group": {
            "description": "",
            "id": "eb47b1df761f4ccd99157b2cae2f2589",
            "is_error": false,
            "name": "\u0418\u043d\u0433\u0440\u0435\u0434\u0438\u0435\u043d\u0442\u044b"
        },
        "id": "9222d71e811649388b907999cae11bbd",
        "is_error": false,
        "name": "\u041a\u0430\u043a\u0430\u043e",
        "unit": {
            "base_unit": {
                "base_unit": null,
                "coefficient": 1,
                "description": "",
                "id": "b362db1e203941948ad4942f3d1f5185",
                "is_error": false,
                "name": "\u0433\u0440\u0430\u043c\u043c"
            },
            "coefficient": 1000,
            "description": "",
            "id": "14345d4e33224e79ad113fda3b6e0f79",
            "is_error": false,
            "name": "\u043a\u0438\u043b\u043b\u043e\u0433\u0440\u0430\u043c\u043c"
        }
    }
]