[
    {
        "brutto": 251,
        "comments": "\u0412\u0440\u0435\u043c\u044f \u043f\u0440\u0438\u0433\u043e\u0442\u043e\u0432\u043b\u0435\u043d\u0438\u044f: 20 \u043c\u0438\u043d. 8 \u043f\u043e\u0440\u0446\u0438\u0439",
        "consist": {
            "\u041c\u0443\u043a\u0430 \u043f\u0448\u0435\u043d\u0438\u0447\u043d\u0430\u044f": {
                "description": "",
                "id": "7ecb1f6f366b4dbbafb6ae41cb84095d",
                "is_error": false,
                "name": "\u041c\u0443\u043a\u0430 \u043f\u0448\u0435\u043d\u0438\u0447\u043d\u0430\u044f",
                "nomenclature": {
                    "description": "",
                    "group": {
                        "description": "",
                        "id": "85a78878f7b044f38fefcecd0088bde3",
                        "is_error": false,
                        "name": "\u0418\u043d\u0433\u0440\u0435\u0434\u0438\u0435\u043d\u0442\u044b"
                    },
                    "id": "9c67108f91bc4346863510d01ab03d86",
                    "is_error": false,
                    "name": "\u041c\u0443\u043a\u0430 \u043f\u0448\u0435\u043d\u0438\u0447\u043d\u0430\u044f",
                    "unit": {
                        "base_unit": {
                            "base_unit": null,
                            "coefficient": 1,
                            "description": "",
                            "id": "d1b2986bba324f7eaeba0e1dc160355a",
                            "is_error": false,
                            "name": "\u0433\u0440\u0430\u043c\u043c"
                        },
                        "coefficient": 1000,
                        "description": "",
                        "id": "307c120f71e949aa81922e35a6bd6363",
                        "is_error": false,
                        "name": "\u043a\u0438\u043b\u043b\u043e\u0433\u0440\u0430\u043c\u043c"
                    }
                },
                "size": 100,
                "unit": {
                    "base_unit": null,
                    "coefficient": 1,
                    "description": "",
                    "id": "d1b2986bba324f7eaeba0e1dc160355a",
                    "is_error": false,
                    "name": "\u0433\u0440\u0430\u043c\u043c"
                }
            },
            "\u0421\u0430\u0445\u0430\u0440": {
                "description": "",
                "id": "a629b81826224affb5c4fd30fb19bc99",
                "is_error": false,
                "name": "\u0421\u0430\u0445\u0430\u0440",
                "nomenclature": {
                    "description": "",
                    "group": {
                        "description": "",
                        "id": "85a78878f7b044f38fefcecd0088bde3",
                        "is_error": false,
                        "name": "\u0418\u043d\u0433\u0440\u0435\u0434\u0438\u0435\u043d\u0442\u044b"
                    },
                    "id": "2d1add6a8ada4a7bbc09cc97196b4f00",
                    "is_error": false,
                    "name": "\u0421\u0430\u0445\u0430\u0440",
                    "unit": {
                        "base_unit": {
                            "base_unit": null,
                            "coefficient": 1,
                            "description": "",
                            "id": "d1b2986bba324f7eaeba0e1dc160355a",
                            "is_error": false,
                            "name": "\u0433\u0440\u0430\u043c\u043c"
                        },
                        "coefficient": 1000,
                        "description": "",
                        "id": "307c120f71e949aa81922e35a6bd6363",
                        "is_error": false,
                        "name": "\u043a\u0438\u043b\u043b\u043e\u0433\u0440\u0430\u043c\u043c"
                    }
                },
                "size": 80,
                "unit": {
                    "base_unit": null,
                    "coefficient": 1,
                    "description": "",
                    "id": "d1b2986bba324f7eaeba0e1dc160355a",
                    "is_error": false,
                    "name": "\u0433\u0440\u0430\u043c\u043c"
                }
            },
            "\u0421\u043b\u0438\u0432\u043e\u0447\u043d\u043e\u0435 \u043c\u0430\u0441\u043b\u043e": {
                "description": "",
                "id": "ebf325b8e5634a63abe6fbd187633af3",
                "is_error": false,
                "name": "\u0421\u043b\u0438\u0432\u043e\u0447\u043d\u043e\u0435 \u043c\u0430\u0441\u043b\u043e",
                "nomenclature": {
                    "description": "",
                    "group": {
                        "description": "",
                        "id": "85a78878f7b044f38fefcecd0088bde3",
                        "is_error": false,
                        "name": "\u0418\u043d\u0433\u0440\u0435\u0434\u0438\u0435\u043d\u0442\u044b"
                    },
                    "id": "e9bf5a096d30477d9a42fc347327a724",
                    "is_error": false,
                    "name": "\u0421\u043b\u0438\u0432\u043e\u0447\u043d\u043e\u0435 \u043c\u0430\u0441\u043b\u043e",
                    "unit": {
                        "base_unit": {
                            "base_unit": null,
                            "coefficient": 1,
                            "description": "",
                            "id": "d1b2986bba324f7eaeba0e1dc160355a",
                            "is_error": false,
                            "name": "\u0433\u0440\u0430\u043c\u043c"
                        },
                        "coefficient": 1000,
                        "description": "",
                        "id": "307c120f71e949aa81922e35a6bd6363",
                        "is_error": false,
                        "name": "\u043a\u0438\u043b\u043b\u043e\u0433\u0440\u0430\u043c\u043c"
                    }
                },
                "size": 70,
                "unit": {
                    "base_unit": null,
                    "coefficient": 1,
                    "description": "",
                    "id": "d1b2986bba324f7eaeba0e1dc160355a",
                    "is_error": false,
                    "name": "\u0433\u0440\u0430\u043c\u043c"
                }
            },
            "\u042f\u0439\u0446\u0430": {
                "description": "",
                "id": "01981e6d47e54687ad4c10f0d5b66013",
                "is_error": false,
                "name": "\u042f\u0439\u0446\u0430",
                "nomenclature": {
                    "description": "",
                    "group": {
                        "description": "",
                        "id": "85a78878f7b044f38fefcecd0088bde3",
                        "is_error": false,
                        "name": "\u0418\u043d\u0433\u0440\u0435\u0434\u0438\u0435\u043d\u0442\u044b"
                    },
                    "id": "b4019b1ccda04209be33812171411bf8",
                    "is_error": false,
                    "name": "\u042f\u0439\u0446\u0430",
                    "unit": {
                        "base_unit": null,
                        "coefficient": 1,
                        "description": "",
                        "id": "65a0e4eb7be346eba17f49ae4049bde4",
                        "is_error": false,
                        "name": "\u0448\u0442\u0443\u043a\u0430"
                    }
                },
                "size": 1,
                "unit": {
                    "base_unit": null,
                    "coefficient": 1,
                    "description": "",
                    "id": "65a0e4eb7be346eba17f49ae4049bde4",
                    "is_error": false,
                    "name": "\u0448\u0442\u0443\u043a\u0430"
                }
            }
        },
        "description": "",
        "id": "a0ecffe2710346729bf98abb2151415d",
        "instructions": [
            {
                "instructions": "\u041c\u0430\u0441\u043b\u043e \u043f\u043e\u043b\u043e\u0436\u0438\u0442\u0435 \u0432 \u0441\u043e\u0442\u0435\u0439\u043d\u0438\u043a \u0441 \u0442\u043e\u043b\u0441\u0442\u044b\u043c \u0434\u043d\u043e\u043c. \u0420\u0430\u0441\u0442\u043e\u043f\u0438\u0442\u0435 \u0435\u0433\u043e \u043d\u0430 \u043c\u0430\u043b\u0435\u043d\u044c\u043a\u043e\u043c \u043e\u0433\u043d\u0435 \u043d\u0430 \u043f\u043b\u0438\u0442\u0435, \u043d\u0430 \u0432\u043e\u0434\u044f\u043d\u043e\u0439 \u0431\u0430\u043d\u0435 \u043b\u0438\u0431\u043e \u0432 \u043c\u0438\u043a\u0440\u043e\u0432\u043e\u043b\u043d\u043e\u0432\u043a\u0435."
            },
            {
                "instructions": "\u0414\u043e\u0431\u0430\u0432\u044c\u0442\u0435 \u0432 \u0442\u0435\u043f\u043b\u043e\u0435 \u043c\u0430\u0441\u043b\u043e \u0441\u0430\u0445\u0430\u0440. \u041f\u0435\u0440\u0435\u043c\u0435\u0448\u0430\u0439\u0442\u0435 \u0432\u0435\u043d\u0447\u0438\u043a\u043e\u043c \u0434\u043e \u043f\u043e\u043b\u043d\u043e\u0433\u043e \u0440\u0430\u0441\u0442\u0432\u043e\u0440\u0435\u043d\u0438\u044f \u0441\u0430\u0445\u0430\u0440\u0430. \u041e\u0442 \u0442\u0435\u043f\u043b\u0430 \u0441\u0430\u0445\u0430\u0440 \u0434\u043e\u0432\u043e\u043b\u044c\u043d\u043e \u0431\u044b\u0441\u0442\u0440\u043e \u0440\u0430\u0441\u0442\u0430\u0435\u0442."
            },
            {
                "instructions": "\u0414\u043e\u0431\u0430\u0432\u044c\u0442\u0435 \u0432 \u043c\u0430\u0441\u043b\u043e \u044f\u0439\u0446\u043e. \u041f\u0440\u0435\u0434\u0432\u0430\u0440\u0438\u0442\u0435\u043b\u044c\u043d\u043e \u0432\u0441\u0435-\u0442\u0430\u043a\u0438 \u043f\u0440\u043e\u0432\u0435\u0440\u044c\u0442\u0435 \u043c\u0430\u0441\u043b\u043e, \u043d\u0435 \u0433\u043e\u0440\u044f\u0447\u0435\u0435 \u043b\u0438 \u043e\u043d\u043e, \u0438\u043d\u0430\u0447\u0435 \u044f\u0439\u0446\u043e \u043c\u043e\u0436\u0435\u0442 \u0441\u0432\u0430\u0440\u0438\u0442\u044c\u0441\u044f. \u041f\u0435\u0440\u0435\u043c\u0435\u0448\u0430\u0439\u0442\u0435 \u044f\u0439\u0446\u043e \u0441 \u043c\u0430\u0441\u043b\u043e\u043c \u0434\u043e \u043e\u0434\u043d\u043e\u0440\u043e\u0434\u043d\u043e\u0441\u0442\u0438."
            },
            {
                "instructions": "\u0412\u0441\u044b\u043f\u044c\u0442\u0435 \u043c\u0443\u043a\u0443, \u0434\u043e\u0431\u0430\u0432\u044c\u0442\u0435 \u0432\u0430\u043d\u0438\u043b\u0438\u043d."
            },
            {
                "instructions": "\u041f\u0435\u0440\u0435\u043c\u0435\u0448\u0430\u0439\u0442\u0435 \u043c\u0430\u0441\u0441\u0443 \u0432\u0435\u043d\u0447\u0438\u043a\u043e\u043c \u0434\u043e \u0441\u043e\u0441\u0442\u043e\u044f\u043d\u0438\u044f \u0433\u043b\u0430\u0434\u043a\u043e\u0433\u043e \u043e\u0434\u043d\u043e\u0440\u043e\u0434\u043d\u043e\u0433\u043e \u0442\u0435\u0441\u0442\u0430."
            }
        ],
        "is_error": false,
        "name": "\u0412\u0430\u0444\u043b\u0438 \u0445\u0440\u0443\u0441\u0442\u044f\u0449\u0438\u0435 \u0432 \u0432\u0430\u0444\u0438\u043b\u044c\u043d\u0438\u0446\u0435",
        "netto": 0
    },
    {
        "brutto": 369,
        "comments": "",
        "consist": {
            "\u0411\u0435\u043b\u044b\u0439 \u0445\u043b\u0435\u0431": {
                "description": "",
                "id": "235b7067e2864547ad19f5201ca64f2a",
                "is_error": false,
                "name": "\u0411\u0435\u043b\u044b\u0439 \u0445\u043b\u0435\u0431",
                "nomenclature": {
                    "description": "",
                    "group": {
                        "description": "",
                        "id": "85a78878f7b044f38fefcecd0088bde3",
                        "is_error": false,
                        "name": "\u0418\u043d\u0433\u0440\u0435\u0434\u0438\u0435\u043d\u0442\u044b"
                    },
                    "id": "d717cf530b564291801617d9dd0fdced",
                    "is_error": false,
                    "name": "\u0411\u0435\u043b\u044b\u0439 \u0445\u043b\u0435\u0431",
                    "unit": {
                        "base_unit": {
                            "base_unit": null,
                            "coefficient": 1,
                            "description": "",
                            "id": "d1b2986bba324f7eaeba0e1dc160355a",
                            "is_error": false,
                            "name": "\u0433\u0440\u0430\u043c\u043c"
                        },
                        "coefficient": 1000,
                        "description": "",
                        "id": "307c120f71e949aa81922e35a6bd6363",
                        "is_error": false,
                        "name": "\u043a\u0438\u043b\u043b\u043e\u0433\u0440\u0430\u043c\u043c"
                    }
                },
                "size": 30,
                "unit": {
                    "base_unit": null,
                    "coefficient": 1,
                    "description": "",
                    "id": "d1b2986bba324f7eaeba0e1dc160355a",
                    "is_error": false,
                    "name": "\u0433\u0440\u0430\u043c\u043c"
                }
            },
            "\u0413\u043e\u0440\u0447\u0438\u0446\u0430 \u0434\u0438\u0436\u043e\u043d\u0441\u043a\u0430\u044f": {
                "description": "",
                "id": "f7494a110cce4da1ad78bf95f9b1e825",
                "is_error": false,
                "name": "\u0413\u043e\u0440\u0447\u0438\u0446\u0430 \u0434\u0438\u0436\u043e\u043d\u0441\u043a\u0430\u044f",
                "nomenclature": {
                    "description": "",
                    "group": {
                        "description": "",
                        "id": "85a78878f7b044f38fefcecd0088bde3",
                        "is_error": false,
                        "name": "\u0418\u043d\u0433\u0440\u0435\u0434\u0438\u0435\u043d\u0442\u044b"
                    },
                    "id": "d8f35b86e2ba4b53ae6c6e416ddc5e96",
                    "is_error": false,
                    "name": "\u0413\u043e\u0440\u0447\u0438\u0446\u0430 \u0434\u0438\u0436\u043e\u043d\u0441\u043a\u0430\u044f",
                    "unit": {
                        "base_unit": null,
                        "coefficient": 1,
                        "description": "",
                        "id": "85efd63e2ae5413c83349a70a65dfd08",
                        "is_error": false,
                        "name": "\u0433\u0440\u0430\u043c\u043c"
                    }
                },
                "size": 5,
                "unit": {
                    "base_unit": null,
                    "coefficient": 1,
                    "description": "",
                    "id": "85efd63e2ae5413c83349a70a65dfd08",
                    "is_error": false,
                    "name": "\u0433\u0440\u0430\u043c\u043c"
                }
            },
            "\u041a\u0443\u0440\u0438\u043d\u043d\u043e\u0435 \u0444\u0438\u043b\u0435": {
                "description": "",
                "id": "dc2c8548d4f84dca8cb176efeadd8b40",
                "is_error": false,
                "name": "\u041a\u0443\u0440\u0438\u043d\u043d\u043e\u0435 \u0444\u0438\u043b\u0435",
                "nomenclature": {
                    "description": "",
                    "group": {
                        "description": "",
                        "id": "85a78878f7b044f38fefcecd0088bde3",
                        "is_error": false,
                        "name": "\u0418\u043d\u0433\u0440\u0435\u0434\u0438\u0435\u043d\u0442\u044b"
                    },
                    "id": "ed79858963634f538ff87fea80e4f15b",
                    "is_error": false,
                    "name": "\u041a\u0443\u0440\u0438\u043d\u043d\u043e\u0435 \u0444\u0438\u043b\u0435",
                    "unit": {
                        "base_unit": {
                            "base_unit": null,
                            "coefficient": 1,
                            "description": "",
                            "id": "d1b2986bba324f7eaeba0e1dc160355a",
                            "is_error": false,
                            "name": "\u0433\u0440\u0430\u043c\u043c"
                        },
                        "coefficient": 1000,
                        "description": "",
                        "id": "307c120f71e949aa81922e35a6bd6363",
                        "is_error": false,
                        "name": "\u043a\u0438\u043b\u043b\u043e\u0433\u0440\u0430\u043c\u043c"
                    }
                },
                "size": 200,
                "unit": {
                    "base_unit": null,
                    "coefficient": 1,
                    "description": "",
                    "id": "d1b2986bba324f7eaeba0e1dc160355a",
                    "is_error": false,
                    "name": "\u0433\u0440\u0430\u043c\u043c"
                }
            },
            "\u041b\u0438\u043c\u043e\u043d\u043d\u044b\u0439 \u0441\u043e\u043a": {
                "description": "",
                "id": "cff57b258336453ab8279711b5faefd5",
                "is_error": false,
                "name": "\u041b\u0438\u043c\u043e\u043d\u043d\u044b\u0439 \u0441\u043e\u043a",
                "nomenclature": {
                    "description": "",
                    "group": {
                        "description": "",
                        "id": "85a78878f7b044f38fefcecd0088bde3",
                        "is_error": false,
                        "name": "\u0418\u043d\u0433\u0440\u0435\u0434\u0438\u0435\u043d\u0442\u044b"
                    },
                    "id": "6e80e6d1720243999a5174693451447c",
                    "is_error": false,
                    "name": "\u041b\u0438\u043c\u043e\u043d\u043d\u044b\u0439 \u0441\u043e\u043a",
                    "unit": {
                        "base_unit": {
                            "base_unit": null,
                            "coefficient": 1,
                            "description": "",
                            "id": "ca0565819b6940af9441a76e95812fb8",
                            "is_error": false,
                            "name": "\u043c\u0438\u043b\u043b\u0438\u043b\u0438\u0442\u0440"
                        },
                        "coefficient": 1000,
                        "description": "",
                        "id": "c0197733f1ba4e9ba4d79415c26306fe",
                        "is_error": false,
                        "name": "\u043b\u0438\u0442\u0440"
                    }
                },
                "size": 5,
                "unit": {
                    "base_unit": null,
                    "coefficient": 1,
                    "description": "",
                    "id": "ca0565819b6940af9441a76e95812fb8",
                    "is_error": false,
                    "name": "\u043c\u0438\u043b\u043b\u0438\u043b\u0438\u0442\u0440"
                }
            },
            "\u041e\u043b\u0438\u0432\u043a\u043e\u0432\u043e\u0435 \u043c\u0430\u0441\u043b\u043e": {
                "description": "",
                "id": "30d58e93439143b989648c6bd254b887",
                "is_error": false,
                "name": "\u041e\u043b\u0438\u0432\u043a\u043e\u0432\u043e\u0435 \u043c\u0430\u0441\u043b\u043e",
                "nomenclature": {
                    "description": "",
                    "group": {
                        "description": "",
                        "id": "85a78878f7b044f38fefcecd0088bde3",
                        "is_error": false,
                        "name": "\u0418\u043d\u0433\u0440\u0435\u0434\u0438\u0435\u043d\u0442\u044b"
                    },
                    "id": "a35759b69c9d44eda65043727d38947c",
                    "is_error": false,
                    "name": "\u041e\u043b\u0438\u0432\u043a\u043e\u0432\u043e\u0435 \u043c\u0430\u0441\u043b\u043e",
                    "unit": {
                        "base_unit": {
                            "base_unit": null,
                            "coefficient": 1,
                            "description": "",
                            "id": "ca0565819b6940af9441a76e95812fb8",
                            "is_error": false,
                            "name": "\u043c\u0438\u043b\u043b\u0438\u043b\u0438\u0442\u0440"
                        },
                        "coefficient": 1000,
                        "description": "",
                        "id": "c0197733f1ba4e9ba4d79415c26306fe",
                        "is_error": false,
                        "name": "\u043b\u0438\u0442\u0440"
                    }
                },
                "size": 10,
                "unit": {
                    "base_unit": null,
                    "coefficient": 1,
                    "description": "",
                    "id": "ca0565819b6940af9441a76e95812fb8",
                    "is_error": false,
                    "name": "\u043c\u0438\u043b\u043b\u0438\u043b\u0438\u0442\u0440"
                }
            },
            "\u0421\u0430\u043b\u0430\u0442 \u0420\u043e\u043c\u0430\u043d\u043e": {
                "description": "",
                "id": "bc7c503ee6134591b90ee9a2309341a6",
                "is_error": false,
                "name": "\u0421\u0430\u043b\u0430\u0442 \u0420\u043e\u043c\u0430\u043d\u043e",
                "nomenclature": {
                    "description": "",
                    "group": {
                        "description": "",
                        "id": "85a78878f7b044f38fefcecd0088bde3",
                        "is_error": false,
                        "name": "\u0418\u043d\u0433\u0440\u0435\u0434\u0438\u0435\u043d\u0442\u044b"
                    },
                    "id": "7e3143ba7ba94633bfb26761ff122c28",
                    "is_error": false,
                    "name": "\u0421\u0430\u043b\u0430\u0442 \u0420\u043e\u043c\u0430\u043d\u043e",
                    "unit": {
                        "base_unit": null,
                        "coefficient": 1,
                        "description": "",
                        "id": "85efd63e2ae5413c83349a70a65dfd08",
                        "is_error": false,
                        "name": "\u0433\u0440\u0430\u043c\u043c"
                    }
                },
                "size": 50,
                "unit": {
                    "base_unit": null,
                    "coefficient": 1,
                    "description": "",
                    "id": "85efd63e2ae5413c83349a70a65dfd08",
                    "is_error": false,
                    "name": "\u0433\u0440\u0430\u043c\u043c"
                }
            },
            "\u0421\u043e\u043b\u044c": {
                "description": "",
                "id": "bb3344a99dce495c86cbcd1a93e3d7c9",
                "is_error": false,
                "name": "\u0421\u043e\u043b\u044c",
                "nomenclature": {
                    "description": "",
                    "group": {
                        "description": "",
                        "id": "85a78878f7b044f38fefcecd0088bde3",
                        "is_error": false,
                        "name": "\u0418\u043d\u0433\u0440\u0435\u0434\u0438\u0435\u043d\u0442\u044b"
                    },
                    "id": "168727b30e8343cbb6952febf9f1e424",
                    "is_error": false,
                    "name": "\u0421\u043e\u043b\u044c",
                    "unit": {
                        "base_unit": {
                            "base_unit": null,
                            "coefficient": 1,
                            "description": "",
                            "id": "d1b2986bba324f7eaeba0e1dc160355a",
                            "is_error": false,
                            "name": "\u0433\u0440\u0430\u043c\u043c"
                        },
                        "coefficient": 1000,
                        "description": "",
                        "id": "307c120f71e949aa81922e35a6bd6363",
                        "is_error": false,
                        "name": "\u043a\u0438\u043b\u043b\u043e\u0433\u0440\u0430\u043c\u043c"
                    }
                },
                "size": 5,
                "unit": {
                    "base_unit": null,
                    "coefficient": 1,
                    "description": "",
                    "id": "d1b2986bba324f7eaeba0e1dc160355a",
                    "is_error": false,
                    "name": "\u0433\u0440\u0430\u043c\u043c"
                }
            },
            "\u0421\u044b\u0440 \u041f\u0430\u0440\u043c\u0435\u0437\u0430\u043d": {
                "description": "",
                "id": "66d2deaedb5142fc8e833bdb6a4b0a89",
                "is_error": false,
                "name": "\u0421\u044b\u0440 \u041f\u0430\u0440\u043c\u0435\u0437\u0430\u043d",
                "nomenclature": {
                    "description": "",
                    "group": {
                        "description": "",
                        "id": "85a78878f7b044f38fefcecd0088bde3",
                        "is_error": false,
                        "name": "\u0418\u043d\u0433\u0440\u0435\u0434\u0438\u0435\u043d\u0442\u044b"
                    },
                    "id": "46a8971c0ca54f4fbbf86c822650283a",
                    "is_error": false,
                    "name": "\u0421\u044b\u0440 \u041f\u0430\u0440\u043c\u0435\u0437\u0430\u043d",
                    "unit": {
                        "base_unit": {
                            "base_unit": null,
                            "coefficient": 1,
                            "description": "",
                            "id": "d1b2986bba324f7eaeba0e1dc160355a",
                            "is_error": false,
                            "name": "\u0433\u0440\u0430\u043c\u043c"
                        },
                        "coefficient": 1000,
                        "description": "",
                        "id": "307c120f71e949aa81922e35a6bd6363",
                        "is_error": false,
                        "name": "\u043a\u0438\u043b\u043b\u043e\u0433\u0440\u0430\u043c\u043c"
                    }
                },
                "size": 50,
                "unit": {
                    "base_unit": null,
                    "coefficient": 1,
                    "description": "",
                    "id": "d1b2986bba324f7eaeba0e1dc160355a",
                    "is_error": false,
                    "name": "\u0433\u0440\u0430\u043c\u043c"
                }
            },
            "\u0427\u0435\u0440\u043d\u044b\u0439 \u043f\u0435\u0440\u0435\u0446": {
                "description": "",
                "id": "1ded90886735454b9d00d59e7af6ba57",
                "is_error": false,
                "name": "\u0427\u0435\u0440\u043d\u044b\u0439 \u043f\u0435\u0440\u0435\u0446",
                "nomenclature": {
                    "description": "",
                    "group": {
                        "description": "",
                        "id": "85a78878f7b044f38fefcecd0088bde3",
                        "is_error": false,
                        "name": "\u0418\u043d\u0433\u0440\u0435\u0434\u0438\u0435\u043d\u0442\u044b"
                    },
                    "id": "579c0a943b4a4ccea3ee4548471fe62f",
                    "is_error": false,
                    "name": "\u0427\u0435\u0440\u043d\u044b\u0439 \u043f\u0435\u0440\u0435\u0446",
                    "unit": {
                        "base_unit": null,
                        "coefficient": 1,
                        "description": "",
                        "id": "85efd63e2ae5413c83349a70a65dfd08",
                        "is_error": false,
                        "name": "\u0433\u0440\u0430\u043c\u043c"
                    }
                },
                "size": 2,
                "unit": {
                    "base_unit": null,
                    "coefficient": 1,
                    "description": "",
                    "id": "85efd63e2ae5413c83349a70a65dfd08",
                    "is_error": false,
                    "name": "\u0433\u0440\u0430\u043c\u043c"
                }
            },
            "\u0427\u0435\u0441\u043d\u043e\u043a": {
                "description": "",
                "id": "dcee7016cab54eeda96e2898fa6941d7",
                "is_error": false,
                "name": "\u0427\u0435\u0441\u043d\u043e\u043a",
                "nomenclature": {
                    "description": "",
                    "group": {
                        "description": "",
                        "id": "85a78878f7b044f38fefcecd0088bde3",
                        "is_error": false,
                        "name": "\u0418\u043d\u0433\u0440\u0435\u0434\u0438\u0435\u043d\u0442\u044b"
                    },
                    "id": "d2a5bd03c7154bc981888664d55be06f",
                    "is_error": false,
                    "name": "\u0427\u0435\u0441\u043d\u043e\u043a",
                    "unit": {
                        "base_unit": {
                            "base_unit": null,
                            "coefficient": 1,
                            "description": "",
                            "id": "d1b2986bba324f7eaeba0e1dc160355a",
                            "is_error": false,
                            "name": "\u0433\u0440\u0430\u043c\u043c"
                        },
                        "coefficient": 1000,
                        "description": "",
                        "id": "307c120f71e949aa81922e35a6bd6363",
                        "is_error": false,
                        "name": "\u043a\u0438\u043b\u043b\u043e\u0433\u0440\u0430\u043c\u043c"
                    }
                },
                "size": 10,
                "unit": {
                    "base_unit": null,
                    "coefficient": 1,
                    "description": "",
                    "id": "d1b2986bba324f7eaeba0e1dc160355a",
                    "is_error": false,
                    "name": "\u0433\u0440\u0430\u043c\u043c"
                }
            },
            "\u042f\u0439\u0446\u0430": {
                "description": "",
                "id": "cf589f3b767344ca9ca23e8c5bbbd2bc",
                "is_error": false,
                "name": "\u042f\u0439\u0446\u0430",
                "nomenclature": {
                    "description": "",
                    "group": {
                        "description": "",
                        "id": "85a78878f7b044f38fefcecd0088bde3",
                        "is_error": false,
                        "name": "\u0418\u043d\u0433\u0440\u0435\u0434\u0438\u0435\u043d\u0442\u044b"
                    },
                    "id": "b4019b1ccda04209be33812171411bf8",
                    "is_error": false,
                    "name": "\u042f\u0439\u0446\u0430",
                    "unit": {
                        "base_unit": null,
                        "coefficient": 1,
                        "description": "",
                        "id": "65a0e4eb7be346eba17f49ae4049bde4",
                        "is_error": false,
                        "name": "\u0448\u0442\u0443\u043a\u0430"
                    }
                },
                "size": 2,
                "unit": {
                    "base_unit": null,
                    "coefficient": 1,
                    "description": "",
                    "id": "65a0e4eb7be346eba17f49ae4049bde4",
                    "is_error": false,
                    "name": "\u0448\u0442\u0443\u043a\u0430"
                }
            }
        },
        "description": "",
        "id": "8d74e9b0d5e24befb8c916cfbda692da",
        "instructions": [],
        "is_error": false,
        "name": "\u0426\u0435\u0437\u0430\u0440\u044c \u0441 \u043a\u0443\u0440\u0438\u0446\u0435\u0439",
        "netto": 0
    },
    {
        "brutto": 213,
        "comments": "",
        "consist": {
            "\u0412\u0430\u043d\u0438\u043b\u0438\u0438\u043d": {
                "description": "",
                "id": "8df5f6d6bda040089ad29196807ac6dc",
                "is_error": false,
                "name": "\u0412\u0430\u043d\u0438\u043b\u0438\u0438\u043d",
                "nomenclature": {
                    "description": "",
                    "group": {
                        "description": "",
                        "id": "85a78878f7b044f38fefcecd0088bde3",
                        "is_error": false,
                        "name": "\u0418\u043d\u0433\u0440\u0435\u0434\u0438\u0435\u043d\u0442\u044b"
                    },
                    "id": "8e08e2db6ba94a73b4a269982f4c16ca",
                    "is_error": false,
                    "name": "\u0412\u0430\u043d\u0438\u043b\u0438\u0438\u043d",
                    "unit": {
                        "base_unit": null,
                        "coefficient": 1,
                        "description": "",
                        "id": "85efd63e2ae5413c83349a70a65dfd08",
                        "is_error": false,
                        "name": "\u0433\u0440\u0430\u043c\u043c"
                    }
                },
                "size": 5,
                "unit": {
                    "base_unit": null,
                    "coefficient": 1,
                    "description": "",
                    "id": "85efd63e2ae5413c83349a70a65dfd08",
                    "is_error": false,
                    "name": "\u0433\u0440\u0430\u043c\u043c"
                }
            },
            "\u041a\u0430\u043a\u0430\u043e": {
                "description": "",
                "id": "74c91ac95e7b41178d0acc0cd610df2a",
                "is_error": false,
                "name": "\u041a\u0430\u043a\u0430\u043e",
                "nomenclature": {
                    "description": "",
                    "group": {
                        "description": "",
                        "id": "85a78878f7b044f38fefcecd0088bde3",
                        "is_error": false,
                        "name": "\u0418\u043d\u0433\u0440\u0435\u0434\u0438\u0435\u043d\u0442\u044b"
                    },
                    "id": "b064b864084241a4aa8a47ecdc7c4704",
                    "is_error": false,
                    "name": "\u041a\u0430\u043a\u0430\u043e",
                    "unit": {
                        "base_unit": {
                            "base_unit": null,
                            "coefficient": 1,
                            "description": "",
                            "id": "d1b2986bba324f7eaeba0e1dc160355a",
                            "is_error": false,
                            "name": "\u0433\u0440\u0430\u043c\u043c"
                        },
                        "coefficient": 1000,
                        "description": "",
                        "id": "307c120f71e949aa81922e35a6bd6363",
                        "is_error": false,
                        "name": "\u043a\u0438\u043b\u043b\u043e\u0433\u0440\u0430\u043c\u043c"
                    }
                },
                "size": 20,
                "unit": {
                    "base_unit": null,
                    "coefficient": 1,
                    "description": "",
                    "id": "d1b2986bba324f7eaeba0e1dc160355a",
                    "is_error": false,
                    "name": "\u0433\u0440\u0430\u043c\u043c"
                }
            },
            "\u041a\u043e\u0440\u0438\u0446\u0430": {
                "description": "",
                "id": "aa535d2ead314210bd857b225a74c3b7",
                "is_error": false,
                "name": "\u041a\u043e\u0440\u0438\u0446\u0430",
                "nomenclature": {
                    "description": "",
                    "group": {
                        "description": "",
                        "id": "85a78878f7b044f38fefcecd0088bde3",
                        "is_error": false,
                        "name": "\u0418\u043d\u0433\u0440\u0435\u0434\u0438\u0435\u043d\u0442\u044b"
                    },
                    "id": "f5cc9abb82f64cc180189c81ea07d81b",
                    "is_error": false,
                    "name": "\u041a\u043e\u0440\u0438\u0446\u0430",
                    "unit": {
                        "base_unit": null,
                        "coefficient": 1,
                        "description": "",
                        "id": "85efd63e2ae5413c83349a70a65dfd08",
                        "is_error": false,
                        "name": "\u0433\u0440\u0430\u043c\u043c"
                    }
                },
                "size": 5,
                "unit": {
                    "base_unit": null,
                    "coefficient": 1,
                    "description": "",
                    "id": "85efd63e2ae5413c83349a70a65dfd08",
                    "is_error": false,
                    "name": "\u0433\u0440\u0430\u043c\u043c"
                }
            },
            "\u0421\u0430\u0445\u0430\u0440\u043d\u0430\u044f \u043f\u0443\u0434\u0440\u0430": {
                "description": "",
                "id": "e980d84419814bba875f5da7243c64fa",
                "is_error": false,
                "name": "\u0421\u0430\u0445\u0430\u0440\u043d\u0430\u044f \u043f\u0443\u0434\u0440\u0430",
                "nomenclature": {
                    "description": "",
                    "group": {
                        "description": "",
                        "id": "85a78878f7b044f38fefcecd0088bde3",
                        "is_error": false,
                        "name": "\u0418\u043d\u0433\u0440\u0435\u0434\u0438\u0435\u043d\u0442\u044b"
                    },
                    "id": "7ae83e77d56a4827b0cd7d07deb7b502",
                    "is_error": false,
                    "name": "\u0421\u0430\u0445\u0430\u0440\u043d\u0430\u044f \u043f\u0443\u0434\u0440\u0430",
                    "unit": {
                        "base_unit": null,
                        "coefficient": 1,
                        "description": "",
                        "id": "85efd63e2ae5413c83349a70a65dfd08",
                        "is_error": false,
                        "name": "\u0433\u0440\u0430\u043c\u043c"
                    }
                },
                "size": 180,
                "unit": {
                    "base_unit": null,
                    "coefficient": 1,
                    "description": "",
                    "id": "85efd63e2ae5413c83349a70a65dfd08",
                    "is_error": false,
                    "name": "\u0433\u0440\u0430\u043c\u043c"
                }
            },
            "\u042f\u0439\u0446\u0430": {
                "description": "",
                "id": "55bd369942484affa785aa39e15440a7",
                "is_error": false,
                "name": "\u042f\u0439\u0446\u0430",
                "nomenclature": {
                    "description": "",
                    "group": {
                        "description": "",
                        "id": "85a78878f7b044f38fefcecd0088bde3",
                        "is_error": false,
                        "name": "\u0418\u043d\u0433\u0440\u0435\u0434\u0438\u0435\u043d\u0442\u044b"
                    },
                    "id": "b4019b1ccda04209be33812171411bf8",
                    "is_error": false,
                    "name": "\u042f\u0439\u0446\u0430",
                    "unit": {
                        "base_unit": null,
                        "coefficient": 1,
                        "description": "",
                        "id": "65a0e4eb7be346eba17f49ae4049bde4",
                        "is_error": false,
                        "name": "\u0448\u0442\u0443\u043a\u0430"
                    }
                },
                "size": 3,
                "unit": {
                    "base_unit": null,
                    "coefficient": 1,
                    "description": "",
                    "id": "65a0e4eb7be346eba17f49ae4049bde4",
                    "is_error": false,
                    "name": "\u0448\u0442\u0443\u043a\u0430"
                }
            }
        },
        "description": "",
        "id": "0534d13b594c4a79b1fdfa7e0eacf079",
        "instructions": [],
        "is_error": false,
        "name": "\u0411\u0435\u0437\u0435",
        "netto": 0
    }
]