{
    "description": "",
    "group": {
        "description": "",
        "id": "59be49a3f6ea47c2a32c6c87e0c37183",
        "is_error": false,
        "name": "\u0418\u043d\u0433\u0440\u0435\u0434\u0438\u0435\u043d\u0442\u044b"
    },
    "id": "fadc4615f1d4465ca152747102424da4",
    "is_error": false,
    "name": "\u041c\u0443\u043a\u0430 \u043f\u0448\u0435\u043d\u0438\u0447\u043d\u0430\u044f",
    "unit": {
        "base_unit": {
            "base_unit": null,
            "coefficient": 1,
            "description": "",
            "id": "f62d8d52f0b94aa399168d2bca0e74e0",
            "is_error": false,
            "name": "\u0433\u0440\u0430\u043c\u043c"
        },
        "coefficient": 1000,
        "description": "",
        "id": "fc24f43842ea4fd0bc4bdb793dec43bb",
        "is_error": false,
        "name": "\u043a\u0438\u043b\u043b\u043e\u0433\u0440\u0430\u043c\u043c"
    }
}