[
    {
        "description": "",
        "group": {
            "description": "",
            "id": "c917fcd3b3664ef4979e00e9db8c2873",
            "is_error": false,
            "name": "\u0418\u043d\u0433\u0440\u0435\u0434\u0438\u0435\u043d\u0442\u044b"
        },
        "id": "c6c1f137837942e0ad87d95b982413e1",
        "is_error": false,
        "name": "\u041c\u0443\u043a\u0430 \u043f\u0448\u0435\u043d\u0438\u0447\u043d\u0430\u044f",
        "unit": {
            "base_unit": {
                "base_unit": null,
                "coefficient": 1,
                "description": "",
                "id": "e47695b37b8248ba92cf1a0be59466b4",
                "is_error": false,
                "name": "\u0433\u0440\u0430\u043c\u043c"
            },
            "coefficient": 1000,
            "description": "",
            "id": "c412a5eb1d0d40c89b1ce9705caf3edb",
            "is_error": false,
            "name": "\u043a\u0438\u043b\u043b\u043e\u0433\u0440\u0430\u043c\u043c"
        }
    },
    {
        "description": "",
        "group": {
            "description": "",
            "id": "c917fcd3b3664ef4979e00e9db8c2873",
            "is_error": false,
            "name": "\u0418\u043d\u0433\u0440\u0435\u0434\u0438\u0435\u043d\u0442\u044b"
        },
        "id": "7b572e394f744701a427ff042590db95",
        "is_error": false,
        "name": "\u0421\u0430\u0445\u0430\u0440",
        "unit": {
            "base_unit": {
                "base_unit": null,
                "coefficient": 1,
                "description": "",
                "id": "e47695b37b8248ba92cf1a0be59466b4",
                "is_error": false,
                "name": "\u0433\u0440\u0430\u043c\u043c"
            },
            "coefficient": 1000,
            "description": "",
            "id": "c412a5eb1d0d40c89b1ce9705caf3edb",
            "is_error": false,
            "name": "\u043a\u0438\u043b\u043b\u043e\u0433\u0440\u0430\u043c\u043c"
        }
    },
    {
        "description": "",
        "group": {
            "description": "",
            "id": "c917fcd3b3664ef4979e00e9db8c2873",
            "is_error": false,
            "name": "\u0418\u043d\u0433\u0440\u0435\u0434\u0438\u0435\u043d\u0442\u044b"
        },
        "id": "12dce04643ee404b892a3c492e5fa997",
        "is_error": false,
        "name": "\u0421\u043b\u0438\u0432\u043e\u0447\u043d\u043e\u0435 \u043c\u0430\u0441\u043b\u043e",
        "unit": {
            "base_unit": {
                "base_unit": null,
                "coefficient": 1,
                "description": "",
                "id": "e47695b37b8248ba92cf1a0be59466b4",
                "is_error": false,
                "name": "\u0433\u0440\u0430\u043c\u043c"
            },
            "coefficient": 1000,
            "description": "",
            "id": "c412a5eb1d0d40c89b1ce9705caf3edb",
            "is_error": false,
            "name": "\u043a\u0438\u043b\u043b\u043e\u0433\u0440\u0430\u043c\u043c"
        }
    },
    {
        "description": "",
        "group": {
            "description": "",
            "id": "c917fcd3b3664ef4979e00e9db8c2873",
            "is_error": false,
            "name": "\u0418\u043d\u0433\u0440\u0435\u0434\u0438\u0435\u043d\u0442\u044b"
        },
        "id": "1767984b93b54630bcd276bfbcb19eda",
        "is_error": false,
        "name": "\u042f\u0439\u0446\u0430",
        "unit": {
            "base_unit": null,
            "coefficient": 1,
            "description": "",
            "id": "dc27e84117b24b56a6971f370e9361d4",
            "is_error": false,
            "name": "\u0448\u0442\u0443\u043a\u0430"
        }
    },
    {
        "description": "",
        "group": {
            "description": "",
            "id": "c917fcd3b3664ef4979e00e9db8c2873",
            "is_error": false,
            "name": "\u0418\u043d\u0433\u0440\u0435\u0434\u0438\u0435\u043d\u0442\u044b"
        },
        "id": "78d93d0e9946437db9705b2d2e4ed734",
        "is_error": false,
        "name": "\u0412\u0430\u043d\u0438\u043b\u0438\u043d",
        "unit": {
            "base_unit": null,
            "coefficient": 1,
            "description": "",
            "id": "fe95a87fec914d6bb8ff0c5fe0775949",
            "is_error": false,
            "name": "\u0433\u0440\u0430\u043c\u043c"
        }
    },
    {
        "description": "",
        "group": {
            "description": "",
            "id": "c917fcd3b3664ef4979e00e9db8c2873",
            "is_error": false,
            "name": "\u0418\u043d\u0433\u0440\u0435\u0434\u0438\u0435\u043d\u0442\u044b"
        },
        "id": "3644d69716c448fbabe1d3285d013668",
        "is_error": false,
        "name": "\u041a\u0443\u0440\u0438\u043d\u043d\u043e\u0435 \u0444\u0438\u043b\u0435",
        "unit": {
            "base_unit": {
                "base_unit": null,
                "coefficient": 1,
                "description": "",
                "id": "e47695b37b8248ba92cf1a0be59466b4",
                "is_error": false,
                "name": "\u0433\u0440\u0430\u043c\u043c"
            },
            "coefficient": 1000,
            "description": "",
            "id": "c412a5eb1d0d40c89b1ce9705caf3edb",
            "is_error": false,
            "name": "\u043a\u0438\u043b\u043b\u043e\u0433\u0440\u0430\u043c\u043c"
        }
    },
    {
        "description": "",
        "group": {
            "description": "",
            "id": "c917fcd3b3664ef4979e00e9db8c2873",
            "is_error": false,
            "name": "\u0418\u043d\u0433\u0440\u0435\u0434\u0438\u0435\u043d\u0442\u044b"
        },
        "id": "4ccb0b3a2863467b8b22fa66d1306135",
        "is_error": false,
        "name": "\u0421\u0430\u043b\u0430\u0442 \u0420\u043e\u043c\u0430\u043d\u043e",
        "unit": {
            "base_unit": null,
            "coefficient": 1,
            "description": "",
            "id": "fe95a87fec914d6bb8ff0c5fe0775949",
            "is_error": false,
            "name": "\u0433\u0440\u0430\u043c\u043c"
        }
    },
    {
        "description": "",
        "group": {
            "description": "",
            "id": "c917fcd3b3664ef4979e00e9db8c2873",
            "is_error": false,
            "name": "\u0418\u043d\u0433\u0440\u0435\u0434\u0438\u0435\u043d\u0442\u044b"
        },
        "id": "c2de9efe1a144d348d746b4f4a3b1d53",
        "is_error": false,
        "name": "\u0421\u044b\u0440 \u041f\u0430\u0440\u043c\u0435\u0437\u0430\u043d",
        "unit": {
            "base_unit": {
                "base_unit": null,
                "coefficient": 1,
                "description": "",
                "id": "e47695b37b8248ba92cf1a0be59466b4",
                "is_error": false,
                "name": "\u0433\u0440\u0430\u043c\u043c"
            },
            "coefficient": 1000,
            "description": "",
            "id": "c412a5eb1d0d40c89b1ce9705caf3edb",
            "is_error": false,
            "name": "\u043a\u0438\u043b\u043b\u043e\u0433\u0440\u0430\u043c\u043c"
        }
    },
    {
        "description": "",
        "group": {
            "description": "",
            "id": "c917fcd3b3664ef4979e00e9db8c2873",
            "is_error": false,
            "name": "\u0418\u043d\u0433\u0440\u0435\u0434\u0438\u0435\u043d\u0442\u044b"
        },
        "id": "8f2723cdc8d1474ba98c20ffce6689ab",
        "is_error": false,
        "name": "\u0427\u0435\u0441\u043d\u043e\u043a",
        "unit": {
            "base_unit": {
                "base_unit": null,
                "coefficient": 1,
                "description": "",
                "id": "e47695b37b8248ba92cf1a0be59466b4",
                "is_error": false,
                "name": "\u0433\u0440\u0430\u043c\u043c"
            },
            "coefficient": 1000,
            "description": "",
            "id": "c412a5eb1d0d40c89b1ce9705caf3edb",
            "is_error": false,
            "name": "\u043a\u0438\u043b\u043b\u043e\u0433\u0440\u0430\u043c\u043c"
        }
    },
    {
        "description": "",
        "group": {
            "description": "",
            "id": "c917fcd3b3664ef4979e00e9db8c2873",
            "is_error": false,
            "name": "\u0418\u043d\u0433\u0440\u0435\u0434\u0438\u0435\u043d\u0442\u044b"
        },
        "id": "4ac5ab6188694bed8c372cfa68efca99",
        "is_error": false,
        "name": "\u0411\u0435\u043b\u044b\u0439 \u0445\u043b\u0435\u0431",
        "unit": {
            "base_unit": {
                "base_unit": null,
                "coefficient": 1,
                "description": "",
                "id": "e47695b37b8248ba92cf1a0be59466b4",
                "is_error": false,
                "name": "\u0433\u0440\u0430\u043c\u043c"
            },
            "coefficient": 1000,
            "description": "",
            "id": "c412a5eb1d0d40c89b1ce9705caf3edb",
            "is_error": false,
            "name": "\u043a\u0438\u043b\u043b\u043e\u0433\u0440\u0430\u043c\u043c"
        }
    },
    {
        "description": "",
        "group": {
            "description": "",
            "id": "c917fcd3b3664ef4979e00e9db8c2873",
            "is_error": false,
            "name": "\u0418\u043d\u0433\u0440\u0435\u0434\u0438\u0435\u043d\u0442\u044b"
        },
        "id": "b805f7914073474f88a964fdc2ac5f2f",
        "is_error": false,
        "name": "\u0421\u043e\u043b\u044c",
        "unit": {
            "base_unit": {
                "base_unit": null,
                "coefficient": 1,
                "description": "",
                "id": "e47695b37b8248ba92cf1a0be59466b4",
                "is_error": false,
                "name": "\u0433\u0440\u0430\u043c\u043c"
            },
            "coefficient": 1000,
            "description": "",
            "id": "c412a5eb1d0d40c89b1ce9705caf3edb",
            "is_error": false,
            "name": "\u043a\u0438\u043b\u043b\u043e\u0433\u0440\u0430\u043c\u043c"
        }
    },
    {
        "description": "",
        "group": {
            "description": "",
            "id": "c917fcd3b3664ef4979e00e9db8c2873",
            "is_error": false,
            "name": "\u0418\u043d\u0433\u0440\u0435\u0434\u0438\u0435\u043d\u0442\u044b"
        },
        "id": "feb7432f8f744606accdcaf41b955d7e",
        "is_error": false,
        "name": "\u0427\u0435\u0440\u043d\u044b\u0439 \u043f\u0435\u0440\u0435\u0446",
        "unit": {
            "base_unit": null,
            "coefficient": 1,
            "description": "",
            "id": "fe95a87fec914d6bb8ff0c5fe0775949",
            "is_error": false,
            "name": "\u0433\u0440\u0430\u043c\u043c"
        }
    },
    {
        "description": "",
        "group": {
            "description": "",
            "id": "c917fcd3b3664ef4979e00e9db8c2873",
            "is_error": false,
            "name": "\u0418\u043d\u0433\u0440\u0435\u0434\u0438\u0435\u043d\u0442\u044b"
        },
        "id": "07cc0a1b29fa4398807f908666a8d93d",
        "is_error": false,
        "name": "\u041e\u043b\u0438\u0432\u043a\u043e\u0432\u043e\u0435 \u043c\u0430\u0441\u043b\u043e",
        "unit": {
            "base_unit": {
                "base_unit": null,
                "coefficient": 1,
                "description": "",
                "id": "11f2bbfe3218475db78602052b5ee76c",
                "is_error": false,
                "name": "\u043c\u0438\u043b\u043b\u0438\u043b\u0438\u0442\u0440"
            },
            "coefficient": 1000,
            "description": "",
            "id": "1df416ba616d431ea8a7aea54ab57273",
            "is_error": false,
            "name": "\u043b\u0438\u0442\u0440"
        }
    },
    {
        "description": "",
        "group": {
            "description": "",
            "id": "c917fcd3b3664ef4979e00e9db8c2873",
            "is_error": false,
            "name": "\u0418\u043d\u0433\u0440\u0435\u0434\u0438\u0435\u043d\u0442\u044b"
        },
        "id": "658ef3e0d1fc4b46a4ffade4a9e46f48",
        "is_error": false,
        "name": "\u041b\u0438\u043c\u043e\u043d\u043d\u044b\u0439 \u0441\u043e\u043a",
        "unit": {
            "base_unit": {
                "base_unit": null,
                "coefficient": 1,
                "description": "",
                "id": "11f2bbfe3218475db78602052b5ee76c",
                "is_error": false,
                "name": "\u043c\u0438\u043b\u043b\u0438\u043b\u0438\u0442\u0440"
            },
            "coefficient": 1000,
            "description": "",
            "id": "1df416ba616d431ea8a7aea54ab57273",
            "is_error": false,
            "name": "\u043b\u0438\u0442\u0440"
        }
    },
    {
        "description": "",
        "group": {
            "description": "",
            "id": "c917fcd3b3664ef4979e00e9db8c2873",
            "is_error": false,
            "name": "\u0418\u043d\u0433\u0440\u0435\u0434\u0438\u0435\u043d\u0442\u044b"
        },
        "id": "c94e822bae4f4c288a0aeaf3af49a1b8",
        "is_error": false,
        "name": "\u0413\u043e\u0440\u0447\u0438\u0446\u0430 \u0434\u0438\u0436\u043e\u043d\u0441\u043a\u0430\u044f",
        "unit": {
            "base_unit": null,
            "coefficient": 1,
            "description": "",
            "id": "fe95a87fec914d6bb8ff0c5fe0775949",
            "is_error": false,
            "name": "\u0433\u0440\u0430\u043c\u043c"
        }
    },
    {
        "description": "",
        "group": {
            "description": "",
            "id": "c917fcd3b3664ef4979e00e9db8c2873",
            "is_error": false,
            "name": "\u0418\u043d\u0433\u0440\u0435\u0434\u0438\u0435\u043d\u0442\u044b"
        },
        "id": "ecd7d052838347bc8ce585777f1b935b",
        "is_error": false,
        "name": "\u0421\u0430\u0445\u0430\u0440\u043d\u0430\u044f \u043f\u0443\u0434\u0440\u0430",
        "unit": {
            "base_unit": null,
            "coefficient": 1,
            "description": "",
            "id": "fe95a87fec914d6bb8ff0c5fe0775949",
            "is_error": false,
            "name": "\u0433\u0440\u0430\u043c\u043c"
        }
    },
    {
        "description": "",
        "group": {
            "description": "",
            "id": "c917fcd3b3664ef4979e00e9db8c2873",
            "is_error": false,
            "name": "\u0418\u043d\u0433\u0440\u0435\u0434\u0438\u0435\u043d\u0442\u044b"
        },
        "id": "e19b54eaef5849c99ad4165efb5881eb",
        "is_error": false,
        "name": "\u0412\u0430\u043d\u0438\u043b\u0438\u0438\u043d",
        "unit": {
            "base_unit": null,
            "coefficient": 1,
            "description": "",
            "id": "fe95a87fec914d6bb8ff0c5fe0775949",
            "is_error": false,
            "name": "\u0433\u0440\u0430\u043c\u043c"
        }
    },
    {
        "description": "",
        "group": {
            "description": "",
            "id": "c917fcd3b3664ef4979e00e9db8c2873",
            "is_error": false,
            "name": "\u0418\u043d\u0433\u0440\u0435\u0434\u0438\u0435\u043d\u0442\u044b"
        },
        "id": "6015d6896e0b44cfbfee3081e5f77324",
        "is_error": false,
        "name": "\u041a\u043e\u0440\u0438\u0446\u0430",
        "unit": {
            "base_unit": null,
            "coefficient": 1,
            "description": "",
            "id": "fe95a87fec914d6bb8ff0c5fe0775949",
            "is_error": false,
            "name": "\u0433\u0440\u0430\u043c\u043c"
        }
    },
    {
        "description": "",
        "group": {
            "description": "",
            "id": "c917fcd3b3664ef4979e00e9db8c2873",
            "is_error": false,
            "name": "\u0418\u043d\u0433\u0440\u0435\u0434\u0438\u0435\u043d\u0442\u044b"
        },
        "id": "96abfb1aec6c4130b43a441cb85ea4d0",
        "is_error": false,
        "name": "\u041a\u0430\u043a\u0430\u043e",
        "unit": {
            "base_unit": {
                "base_unit": null,
                "coefficient": 1,
                "description": "",
                "id": "e47695b37b8248ba92cf1a0be59466b4",
                "is_error": false,
                "name": "\u0433\u0440\u0430\u043c\u043c"
            },
            "coefficient": 1000,
            "description": "",
            "id": "c412a5eb1d0d40c89b1ce9705caf3edb",
            "is_error": false,
            "name": "\u043a\u0438\u043b\u043b\u043e\u0433\u0440\u0430\u043c\u043c"
        }
    }
]