[
    {
        "description": "",
        "group": {
            "description": "",
            "id": "1fc01dae92634000bdfc7879bbe92e63",
            "is_error": false,
            "name": "\u0418\u043d\u0433\u0440\u0435\u0434\u0438\u0435\u043d\u0442\u044b"
        },
        "id": "2fd815aeb2514a6cb0d3d30639f3482b",
        "is_error": false,
        "name": "\u041c\u0443\u043a\u0430 \u043f\u0448\u0435\u043d\u0438\u0447\u043d\u0430\u044f",
        "unit": {
            "base_unit": {
                "base_unit": null,
                "coefficient": 1,
                "description": "",
                "id": "d1a115ae0102462182de5429d2e79370",
                "is_error": false,
                "name": "\u0433\u0440\u0430\u043c\u043c"
            },
            "coefficient": 1000,
            "description": "",
            "id": "9f2b1e921e3044acad72f1037d723896",
            "is_error": false,
            "name": "\u043a\u0438\u043b\u043b\u043e\u0433\u0440\u0430\u043c\u043c"
        }
    },
    {
        "description": "",
        "group": {
            "description": "",
            "id": "1fc01dae92634000bdfc7879bbe92e63",
            "is_error": false,
            "name": "\u0418\u043d\u0433\u0440\u0435\u0434\u0438\u0435\u043d\u0442\u044b"
        },
        "id": "b1eb49647fac4c8b9b23d13608a25887",
        "is_error": false,
        "name": "\u0421\u0430\u0445\u0430\u0440",
        "unit": {
            "base_unit": {
                "base_unit": null,
                "coefficient": 1,
                "description": "",
                "id": "d1a115ae0102462182de5429d2e79370",
                "is_error": false,
                "name": "\u0433\u0440\u0430\u043c\u043c"
            },
            "coefficient": 1000,
            "description": "",
            "id": "9f2b1e921e3044acad72f1037d723896",
            "is_error": false,
            "name": "\u043a\u0438\u043b\u043b\u043e\u0433\u0440\u0430\u043c\u043c"
        }
    },
    {
        "description": "",
        "group": {
            "description": "",
            "id": "1fc01dae92634000bdfc7879bbe92e63",
            "is_error": false,
            "name": "\u0418\u043d\u0433\u0440\u0435\u0434\u0438\u0435\u043d\u0442\u044b"
        },
        "id": "752ba5b14eb04415bf5df170c8b22a8f",
        "is_error": false,
        "name": "\u0421\u043b\u0438\u0432\u043e\u0447\u043d\u043e\u0435 \u043c\u0430\u0441\u043b\u043e",
        "unit": {
            "base_unit": {
                "base_unit": null,
                "coefficient": 1,
                "description": "",
                "id": "d1a115ae0102462182de5429d2e79370",
                "is_error": false,
                "name": "\u0433\u0440\u0430\u043c\u043c"
            },
            "coefficient": 1000,
            "description": "",
            "id": "9f2b1e921e3044acad72f1037d723896",
            "is_error": false,
            "name": "\u043a\u0438\u043b\u043b\u043e\u0433\u0440\u0430\u043c\u043c"
        }
    },
    {
        "description": "",
        "group": {
            "description": "",
            "id": "1fc01dae92634000bdfc7879bbe92e63",
            "is_error": false,
            "name": "\u0418\u043d\u0433\u0440\u0435\u0434\u0438\u0435\u043d\u0442\u044b"
        },
        "id": "4b45c85b3ae84319aaefbc358ae4cbbf",
        "is_error": false,
        "name": "\u042f\u0439\u0446\u0430",
        "unit": {
            "base_unit": null,
            "coefficient": 1,
            "description": "",
            "id": "7ef5cc9839ba4d66bb03caa324910396",
            "is_error": false,
            "name": "\u0448\u0442\u0443\u043a\u0430"
        }
    },
    {
        "description": "",
        "group": {
            "description": "",
            "id": "1fc01dae92634000bdfc7879bbe92e63",
            "is_error": false,
            "name": "\u0418\u043d\u0433\u0440\u0435\u0434\u0438\u0435\u043d\u0442\u044b"
        },
        "id": "9ac78c96a8704c96a7775075aed22cd2",
        "is_error": false,
        "name": "\u0412\u0430\u043d\u0438\u043b\u0438\u043d",
        "unit": {
            "base_unit": null,
            "coefficient": 1,
            "description": "",
            "id": "b347a9a61b8043afbebc0f12aeb6cc52",
            "is_error": false,
            "name": "\u0433\u0440\u0430\u043c\u043c"
        }
    },
    {
        "description": "",
        "group": {
            "description": "",
            "id": "1fc01dae92634000bdfc7879bbe92e63",
            "is_error": false,
            "name": "\u0418\u043d\u0433\u0440\u0435\u0434\u0438\u0435\u043d\u0442\u044b"
        },
        "id": "26f9e5464d264d6ca82a0c4e6b81546f",
        "is_error": false,
        "name": "\u041a\u0443\u0440\u0438\u043d\u043d\u043e\u0435 \u0444\u0438\u043b\u0435",
        "unit": {
            "base_unit": {
                "base_unit": null,
                "coefficient": 1,
                "description": "",
                "id": "d1a115ae0102462182de5429d2e79370",
                "is_error": false,
                "name": "\u0433\u0440\u0430\u043c\u043c"
            },
            "coefficient": 1000,
            "description": "",
            "id": "9f2b1e921e3044acad72f1037d723896",
            "is_error": false,
            "name": "\u043a\u0438\u043b\u043b\u043e\u0433\u0440\u0430\u043c\u043c"
        }
    },
    {
        "description": "",
        "group": {
            "description": "",
            "id": "1fc01dae92634000bdfc7879bbe92e63",
            "is_error": false,
            "name": "\u0418\u043d\u0433\u0440\u0435\u0434\u0438\u0435\u043d\u0442\u044b"
        },
        "id": "e18b1ad4f4e640b2b6cf8c74f7a0f945",
        "is_error": false,
        "name": "\u0421\u0430\u043b\u0430\u0442 \u0420\u043e\u043c\u0430\u043d\u043e",
        "unit": {
            "base_unit": null,
            "coefficient": 1,
            "description": "",
            "id": "b347a9a61b8043afbebc0f12aeb6cc52",
            "is_error": false,
            "name": "\u0433\u0440\u0430\u043c\u043c"
        }
    },
    {
        "description": "",
        "group": {
            "description": "",
            "id": "1fc01dae92634000bdfc7879bbe92e63",
            "is_error": false,
            "name": "\u0418\u043d\u0433\u0440\u0435\u0434\u0438\u0435\u043d\u0442\u044b"
        },
        "id": "f59c66800f3a4a499a7e1d57324ed283",
        "is_error": false,
        "name": "\u0421\u044b\u0440 \u041f\u0430\u0440\u043c\u0435\u0437\u0430\u043d",
        "unit": {
            "base_unit": {
                "base_unit": null,
                "coefficient": 1,
                "description": "",
                "id": "d1a115ae0102462182de5429d2e79370",
                "is_error": false,
                "name": "\u0433\u0440\u0430\u043c\u043c"
            },
            "coefficient": 1000,
            "description": "",
            "id": "9f2b1e921e3044acad72f1037d723896",
            "is_error": false,
            "name": "\u043a\u0438\u043b\u043b\u043e\u0433\u0440\u0430\u043c\u043c"
        }
    },
    {
        "description": "",
        "group": {
            "description": "",
            "id": "1fc01dae92634000bdfc7879bbe92e63",
            "is_error": false,
            "name": "\u0418\u043d\u0433\u0440\u0435\u0434\u0438\u0435\u043d\u0442\u044b"
        },
        "id": "d84c6ccbc3ed4f11bd8b90ddf0e722cb",
        "is_error": false,
        "name": "\u0427\u0435\u0441\u043d\u043e\u043a",
        "unit": {
            "base_unit": {
                "base_unit": null,
                "coefficient": 1,
                "description": "",
                "id": "d1a115ae0102462182de5429d2e79370",
                "is_error": false,
                "name": "\u0433\u0440\u0430\u043c\u043c"
            },
            "coefficient": 1000,
            "description": "",
            "id": "9f2b1e921e3044acad72f1037d723896",
            "is_error": false,
            "name": "\u043a\u0438\u043b\u043b\u043e\u0433\u0440\u0430\u043c\u043c"
        }
    },
    {
        "description": "",
        "group": {
            "description": "",
            "id": "1fc01dae92634000bdfc7879bbe92e63",
            "is_error": false,
            "name": "\u0418\u043d\u0433\u0440\u0435\u0434\u0438\u0435\u043d\u0442\u044b"
        },
        "id": "5a221d363b6f404fbce372978cf89409",
        "is_error": false,
        "name": "\u0411\u0435\u043b\u044b\u0439 \u0445\u043b\u0435\u0431",
        "unit": {
            "base_unit": {
                "base_unit": null,
                "coefficient": 1,
                "description": "",
                "id": "d1a115ae0102462182de5429d2e79370",
                "is_error": false,
                "name": "\u0433\u0440\u0430\u043c\u043c"
            },
            "coefficient": 1000,
            "description": "",
            "id": "9f2b1e921e3044acad72f1037d723896",
            "is_error": false,
            "name": "\u043a\u0438\u043b\u043b\u043e\u0433\u0440\u0430\u043c\u043c"
        }
    },
    {
        "description": "",
        "group": {
            "description": "",
            "id": "1fc01dae92634000bdfc7879bbe92e63",
            "is_error": false,
            "name": "\u0418\u043d\u0433\u0440\u0435\u0434\u0438\u0435\u043d\u0442\u044b"
        },
        "id": "cfe5eb733d734ed780a6fde2d87bc2db",
        "is_error": false,
        "name": "\u0421\u043e\u043b\u044c",
        "unit": {
            "base_unit": {
                "base_unit": null,
                "coefficient": 1,
                "description": "",
                "id": "d1a115ae0102462182de5429d2e79370",
                "is_error": false,
                "name": "\u0433\u0440\u0430\u043c\u043c"
            },
            "coefficient": 1000,
            "description": "",
            "id": "9f2b1e921e3044acad72f1037d723896",
            "is_error": false,
            "name": "\u043a\u0438\u043b\u043b\u043e\u0433\u0440\u0430\u043c\u043c"
        }
    },
    {
        "description": "",
        "group": {
            "description": "",
            "id": "1fc01dae92634000bdfc7879bbe92e63",
            "is_error": false,
            "name": "\u0418\u043d\u0433\u0440\u0435\u0434\u0438\u0435\u043d\u0442\u044b"
        },
        "id": "011adf61cf8f4bf1b52398b1de520c25",
        "is_error": false,
        "name": "\u0427\u0435\u0440\u043d\u044b\u0439 \u043f\u0435\u0440\u0435\u0446",
        "unit": {
            "base_unit": null,
            "coefficient": 1,
            "description": "",
            "id": "b347a9a61b8043afbebc0f12aeb6cc52",
            "is_error": false,
            "name": "\u0433\u0440\u0430\u043c\u043c"
        }
    },
    {
        "description": "",
        "group": {
            "description": "",
            "id": "1fc01dae92634000bdfc7879bbe92e63",
            "is_error": false,
            "name": "\u0418\u043d\u0433\u0440\u0435\u0434\u0438\u0435\u043d\u0442\u044b"
        },
        "id": "c57584b2d5ce40e68012b5465c967da0",
        "is_error": false,
        "name": "\u041e\u043b\u0438\u0432\u043a\u043e\u0432\u043e\u0435 \u043c\u0430\u0441\u043b\u043e",
        "unit": {
            "base_unit": {
                "base_unit": null,
                "coefficient": 1,
                "description": "",
                "id": "f0358829f51c4571bfe193473b9469a4",
                "is_error": false,
                "name": "\u043c\u0438\u043b\u043b\u0438\u043b\u0438\u0442\u0440"
            },
            "coefficient": 1000,
            "description": "",
            "id": "cd14a9a0c2534492b1ab163dfc2020a9",
            "is_error": false,
            "name": "\u043b\u0438\u0442\u0440"
        }
    },
    {
        "description": "",
        "group": {
            "description": "",
            "id": "1fc01dae92634000bdfc7879bbe92e63",
            "is_error": false,
            "name": "\u0418\u043d\u0433\u0440\u0435\u0434\u0438\u0435\u043d\u0442\u044b"
        },
        "id": "840a1e8276734be7b744f2f236a68743",
        "is_error": false,
        "name": "\u041b\u0438\u043c\u043e\u043d\u043d\u044b\u0439 \u0441\u043e\u043a",
        "unit": {
            "base_unit": {
                "base_unit": null,
                "coefficient": 1,
                "description": "",
                "id": "f0358829f51c4571bfe193473b9469a4",
                "is_error": false,
                "name": "\u043c\u0438\u043b\u043b\u0438\u043b\u0438\u0442\u0440"
            },
            "coefficient": 1000,
            "description": "",
            "id": "cd14a9a0c2534492b1ab163dfc2020a9",
            "is_error": false,
            "name": "\u043b\u0438\u0442\u0440"
        }
    },
    {
        "description": "",
        "group": {
            "description": "",
            "id": "1fc01dae92634000bdfc7879bbe92e63",
            "is_error": false,
            "name": "\u0418\u043d\u0433\u0440\u0435\u0434\u0438\u0435\u043d\u0442\u044b"
        },
        "id": "f4a02ce7f075498ca89df3d3c747da6f",
        "is_error": false,
        "name": "\u0413\u043e\u0440\u0447\u0438\u0446\u0430 \u0434\u0438\u0436\u043e\u043d\u0441\u043a\u0430\u044f",
        "unit": {
            "base_unit": null,
            "coefficient": 1,
            "description": "",
            "id": "b347a9a61b8043afbebc0f12aeb6cc52",
            "is_error": false,
            "name": "\u0433\u0440\u0430\u043c\u043c"
        }
    },
    {
        "description": "",
        "group": {
            "description": "",
            "id": "1fc01dae92634000bdfc7879bbe92e63",
            "is_error": false,
            "name": "\u0418\u043d\u0433\u0440\u0435\u0434\u0438\u0435\u043d\u0442\u044b"
        },
        "id": "21404e6fbbd54b9fa3e070dbe1bc82e8",
        "is_error": false,
        "name": "\u0421\u0430\u0445\u0430\u0440\u043d\u0430\u044f \u043f\u0443\u0434\u0440\u0430",
        "unit": {
            "base_unit": null,
            "coefficient": 1,
            "description": "",
            "id": "b347a9a61b8043afbebc0f12aeb6cc52",
            "is_error": false,
            "name": "\u0433\u0440\u0430\u043c\u043c"
        }
    },
    {
        "description": "",
        "group": {
            "description": "",
            "id": "1fc01dae92634000bdfc7879bbe92e63",
            "is_error": false,
            "name": "\u0418\u043d\u0433\u0440\u0435\u0434\u0438\u0435\u043d\u0442\u044b"
        },
        "id": "1a84756293424ab89fcaecd5747923b1",
        "is_error": false,
        "name": "\u0412\u0430\u043d\u0438\u043b\u0438\u0438\u043d",
        "unit": {
            "base_unit": null,
            "coefficient": 1,
            "description": "",
            "id": "b347a9a61b8043afbebc0f12aeb6cc52",
            "is_error": false,
            "name": "\u0433\u0440\u0430\u043c\u043c"
        }
    },
    {
        "description": "",
        "group": {
            "description": "",
            "id": "1fc01dae92634000bdfc7879bbe92e63",
            "is_error": false,
            "name": "\u0418\u043d\u0433\u0440\u0435\u0434\u0438\u0435\u043d\u0442\u044b"
        },
        "id": "d4159fb54b7c4b68a018b5a3586a19d8",
        "is_error": false,
        "name": "\u041a\u043e\u0440\u0438\u0446\u0430",
        "unit": {
            "base_unit": null,
            "coefficient": 1,
            "description": "",
            "id": "b347a9a61b8043afbebc0f12aeb6cc52",
            "is_error": false,
            "name": "\u0433\u0440\u0430\u043c\u043c"
        }
    },
    {
        "description": "",
        "group": {
            "description": "",
            "id": "1fc01dae92634000bdfc7879bbe92e63",
            "is_error": false,
            "name": "\u0418\u043d\u0433\u0440\u0435\u0434\u0438\u0435\u043d\u0442\u044b"
        },
        "id": "1c3f212ec7a34e14b850cd0927ce8d7e",
        "is_error": false,
        "name": "\u041a\u0430\u043a\u0430\u043e",
        "unit": {
            "base_unit": {
                "base_unit": null,
                "coefficient": 1,
                "description": "",
                "id": "d1a115ae0102462182de5429d2e79370",
                "is_error": false,
                "name": "\u0433\u0440\u0430\u043c\u043c"
            },
            "coefficient": 1000,
            "description": "",
            "id": "9f2b1e921e3044acad72f1037d723896",
            "is_error": false,
            "name": "\u043a\u0438\u043b\u043b\u043e\u0433\u0440\u0430\u043c\u043c"
        }
    }
]