{
    "group_model": [
        {
            "description": "",
            "id": "44298be97ad7482497f6fc8d6deb0808",
            "is_error": true,
            "name": "Ингредиенты"
        }
    ],
    "nomenclature_model": [
        {
            "description": "",
            "group": {
                "description": "",
                "id": "18277c4705764bf0893dbd49f2930c34",
                "is_error": true,
                "name": "Ингредиенты"
            },
            "id": "5c16c9c869c944ca81571f6cf70a790d",
            "is_error": true,
            "name": "Мука пшеничная",
            "unit": {
                "base_unit": {
                    "base_unit": null,
                    "coefficient": 1,
                    "description": "",
                    "id": "5f73f137f82f4d7eb2d529a83b54b982",
                    "is_error": true,
                    "name": "грамм"
                },
                "coefficient": 1000,
                "description": "",
                "id": "1bed8c4830a64ab987692730fb43e84c",
                "is_error": true,
                "name": "киллограмм"
            }
        },
        {
            "description": "",
            "group": {
                "description": "",
                "id": "18277c4705764bf0893dbd49f2930c34",
                "is_error": true,
                "name": "Ингредиенты"
            },
            "id": "e787ff8a837d40418f9121f1272616ab",
            "is_error": true,
            "name": "Сахар",
            "unit": {
                "base_unit": {
                    "base_unit": null,
                    "coefficient": 1,
                    "description": "",
                    "id": "5f73f137f82f4d7eb2d529a83b54b982",
                    "is_error": true,
                    "name": "грамм"
                },
                "coefficient": 1000,
                "description": "",
                "id": "1bed8c4830a64ab987692730fb43e84c",
                "is_error": true,
                "name": "киллограмм"
            }
        },
        {
            "description": "",
            "group": {
                "description": "",
                "id": "18277c4705764bf0893dbd49f2930c34",
                "is_error": true,
                "name": "Ингредиенты"
            },
            "id": "998f959f17704d85b0fad15936283032",
            "is_error": true,
            "name": "Сливочное масло",
            "unit": {
                "base_unit": {
                    "base_unit": null,
                    "coefficient": 1,
                    "description": "",
                    "id": "5f73f137f82f4d7eb2d529a83b54b982",
                    "is_error": true,
                    "name": "грамм"
                },
                "coefficient": 1000,
                "description": "",
                "id": "1bed8c4830a64ab987692730fb43e84c",
                "is_error": true,
                "name": "киллограмм"
            }
        },
        {
            "description": "",
            "group": {
                "description": "",
                "id": "18277c4705764bf0893dbd49f2930c34",
                "is_error": true,
                "name": "Ингредиенты"
            },
            "id": "8beba2f92e754eeda776859bc197af39",
            "is_error": true,
            "name": "Яйца",
            "unit": {
                "base_unit": null,
                "coefficient": 1,
                "description": "",
                "id": "f1a87af30e0c4faca9c3184050b3e370",
                "is_error": true,
                "name": "штука"
            }
        },
        {
            "description": "",
            "group": {
                "description": "",
                "id": "18277c4705764bf0893dbd49f2930c34",
                "is_error": true,
                "name": "Ингредиенты"
            },
            "id": "11456b73dc1c4620b9387016648509b9",
            "is_error": true,
            "name": "Ванилин",
            "unit": {
                "base_unit": null,
                "coefficient": 1,
                "description": "",
                "id": "4e2440552fd04af4b7d3df1031b2aedd",
                "is_error": true,
                "name": "грамм"
            }
        },
        {
            "description": "",
            "group": {
                "description": "",
                "id": "18277c4705764bf0893dbd49f2930c34",
                "is_error": true,
                "name": "Ингредиенты"
            },
            "id": "6a448c9b996646888ace90ed26a7547b",
            "is_error": true,
            "name": "Куринное филе",
            "unit": {
                "base_unit": {
                    "base_unit": null,
                    "coefficient": 1,
                    "description": "",
                    "id": "5f73f137f82f4d7eb2d529a83b54b982",
                    "is_error": true,
                    "name": "грамм"
                },
                "coefficient": 1000,
                "description": "",
                "id": "1bed8c4830a64ab987692730fb43e84c",
                "is_error": true,
                "name": "киллограмм"
            }
        },
        {
            "description": "",
            "group": {
                "description": "",
                "id": "18277c4705764bf0893dbd49f2930c34",
                "is_error": true,
                "name": "Ингредиенты"
            },
            "id": "5b5936b9384a4fe59b24e3fd127377d0",
            "is_error": true,
            "name": "Салат Романо",
            "unit": {
                "base_unit": null,
                "coefficient": 1,
                "description": "",
                "id": "4e2440552fd04af4b7d3df1031b2aedd",
                "is_error": true,
                "name": "грамм"
            }
        },
        {
            "description": "",
            "group": {
                "description": "",
                "id": "18277c4705764bf0893dbd49f2930c34",
                "is_error": true,
                "name": "Ингредиенты"
            },
            "id": "1696620e15b74a70b7fbd3c28076255b",
            "is_error": true,
            "name": "Сыр Пармезан",
            "unit": {
                "base_unit": {
                    "base_unit": null,
                    "coefficient": 1,
                    "description": "",
                    "id": "5f73f137f82f4d7eb2d529a83b54b982",
                    "is_error": true,
                    "name": "грамм"
                },
                "coefficient": 1000,
                "description": "",
                "id": "1bed8c4830a64ab987692730fb43e84c",
                "is_error": true,
                "name": "киллограмм"
            }
        },
        {
            "description": "",
            "group": {
                "description": "",
                "id": "18277c4705764bf0893dbd49f2930c34",
                "is_error": true,
                "name": "Ингредиенты"
            },
            "id": "87ae9afa51d74a94af801f7037d59d8d",
            "is_error": true,
            "name": "Чеснок",
            "unit": {
                "base_unit": {
                    "base_unit": null,
                    "coefficient": 1,
                    "description": "",
                    "id": "5f73f137f82f4d7eb2d529a83b54b982",
                    "is_error": true,
                    "name": "грамм"
                },
                "coefficient": 1000,
                "description": "",
                "id": "1bed8c4830a64ab987692730fb43e84c",
                "is_error": true,
                "name": "киллограмм"
            }
        },
        {
            "description": "",
            "group": {
                "description": "",
                "id": "18277c4705764bf0893dbd49f2930c34",
                "is_error": true,
                "name": "Ингредиенты"
            },
            "id": "3c8d6792212a4feba49e48770995ee55",
            "is_error": true,
            "name": "Белый хлеб",
            "unit": {
                "base_unit": {
                    "base_unit": null,
                    "coefficient": 1,
                    "description": "",
                    "id": "5f73f137f82f4d7eb2d529a83b54b982",
                    "is_error": true,
                    "name": "грамм"
                },
                "coefficient": 1000,
                "description": "",
                "id": "1bed8c4830a64ab987692730fb43e84c",
                "is_error": true,
                "name": "киллограмм"
            }
        },
        {
            "description": "",
            "group": {
                "description": "",
                "id": "18277c4705764bf0893dbd49f2930c34",
                "is_error": true,
                "name": "Ингредиенты"
            },
            "id": "fb5741984d24441789ecd2a2d0c6637a",
            "is_error": true,
            "name": "Соль",
            "unit": {
                "base_unit": {
                    "base_unit": null,
                    "coefficient": 1,
                    "description": "",
                    "id": "5f73f137f82f4d7eb2d529a83b54b982",
                    "is_error": true,
                    "name": "грамм"
                },
                "coefficient": 1000,
                "description": "",
                "id": "1bed8c4830a64ab987692730fb43e84c",
                "is_error": true,
                "name": "киллограмм"
            }
        },
        {
            "description": "",
            "group": {
                "description": "",
                "id": "18277c4705764bf0893dbd49f2930c34",
                "is_error": true,
                "name": "Ингредиенты"
            },
            "id": "6ea66e6494ad447a996ad93fdb38697e",
            "is_error": true,
            "name": "Черный перец",
            "unit": {
                "base_unit": null,
                "coefficient": 1,
                "description": "",
                "id": "4e2440552fd04af4b7d3df1031b2aedd",
                "is_error": true,
                "name": "грамм"
            }
        },
        {
            "description": "",
            "group": {
                "description": "",
                "id": "18277c4705764bf0893dbd49f2930c34",
                "is_error": true,
                "name": "Ингредиенты"
            },
            "id": "e8bc8e612eab4fecb1ba20b685267cc6",
            "is_error": true,
            "name": "Оливковое масло",
            "unit": {
                "base_unit": {
                    "base_unit": null,
                    "coefficient": 1,
                    "description": "",
                    "id": "11be8eb6981a4f49bbe0fe93f136a00e",
                    "is_error": true,
                    "name": "миллилитр"
                },
                "coefficient": 1000,
                "description": "",
                "id": "ce323ec5feb840c9843d4380a8630fcf",
                "is_error": true,
                "name": "литр"
            }
        },
        {
            "description": "",
            "group": {
                "description": "",
                "id": "18277c4705764bf0893dbd49f2930c34",
                "is_error": true,
                "name": "Ингредиенты"
            },
            "id": "cdbbecb3fa594a799e5b4c6a14058c42",
            "is_error": true,
            "name": "Лимонный сок",
            "unit": {
                "base_unit": {
                    "base_unit": null,
                    "coefficient": 1,
                    "description": "",
                    "id": "11be8eb6981a4f49bbe0fe93f136a00e",
                    "is_error": true,
                    "name": "миллилитр"
                },
                "coefficient": 1000,
                "description": "",
                "id": "ce323ec5feb840c9843d4380a8630fcf",
                "is_error": true,
                "name": "литр"
            }
        },
        {
            "description": "",
            "group": {
                "description": "",
                "id": "18277c4705764bf0893dbd49f2930c34",
                "is_error": true,
                "name": "Ингредиенты"
            },
            "id": "af0af126ae0b41c38ea53544777721b9",
            "is_error": true,
            "name": "Горчица дижонская",
            "unit": {
                "base_unit": null,
                "coefficient": 1,
                "description": "",
                "id": "4e2440552fd04af4b7d3df1031b2aedd",
                "is_error": true,
                "name": "грамм"
            }
        },
        {
            "description": "",
            "group": {
                "description": "",
                "id": "18277c4705764bf0893dbd49f2930c34",
                "is_error": true,
                "name": "Ингредиенты"
            },
            "id": "ffa7503c9ef64bdcb51b762fa3595649",
            "is_error": true,
            "name": "Сахарная пудра",
            "unit": {
                "base_unit": null,
                "coefficient": 1,
                "description": "",
                "id": "4e2440552fd04af4b7d3df1031b2aedd",
                "is_error": true,
                "name": "грамм"
            }
        },
        {
            "description": "",
            "group": {
                "description": "",
                "id": "18277c4705764bf0893dbd49f2930c34",
                "is_error": true,
                "name": "Ингредиенты"
            },
            "id": "0be1452f2ae649e88008a595ba309aba",
            "is_error": true,
            "name": "Ванилиин",
            "unit": {
                "base_unit": null,
                "coefficient": 1,
                "description": "",
                "id": "4e2440552fd04af4b7d3df1031b2aedd",
                "is_error": true,
                "name": "грамм"
            }
        },
        {
            "description": "",
            "group": {
                "description": "",
                "id": "18277c4705764bf0893dbd49f2930c34",
                "is_error": true,
                "name": "Ингредиенты"
            },
            "id": "f658b569df3d46709cce01b5a7383cd5",
            "is_error": true,
            "name": "Корица",
            "unit": {
                "base_unit": null,
                "coefficient": 1,
                "description": "",
                "id": "4e2440552fd04af4b7d3df1031b2aedd",
                "is_error": true,
                "name": "грамм"
            }
        },
        {
            "description": "",
            "group": {
                "description": "",
                "id": "18277c4705764bf0893dbd49f2930c34",
                "is_error": true,
                "name": "Ингредиенты"
            },
            "id": "bf459ed1953f437fa0a1a7f2f3c87f46",
            "is_error": true,
            "name": "Какао",
            "unit": {
                "base_unit": {
                    "base_unit": null,
                    "coefficient": 1,
                    "description": "",
                    "id": "5f73f137f82f4d7eb2d529a83b54b982",
                    "is_error": true,
                    "name": "грамм"
                },
                "coefficient": 1000,
                "description": "",
                "id": "1bed8c4830a64ab987692730fb43e84c",
                "is_error": true,
                "name": "киллограмм"
            }
        }
    ],
    "receipe_model": [
        {
            "brutto": 251,
            "comments": "",
            "consist": {
                "Мука пшеничная": {
                    "description": "",
                    "id": "7c92cf932de44581951ca05738464de2",
                    "is_error": true,
                    "name": "Мука пшеничная",
                    "nomenclature": {
                        "description": "",
                        "group": {
                            "description": "",
                            "id": "18277c4705764bf0893dbd49f2930c34",
                            "is_error": true,
                            "name": "Ингредиенты"
                        },
                        "id": "5c16c9c869c944ca81571f6cf70a790d",
                        "is_error": true,
                        "name": "Мука пшеничная",
                        "unit": {
                            "base_unit": {
                                "base_unit": null,
                                "coefficient": 1,
                                "description": "",
                                "id": "5f73f137f82f4d7eb2d529a83b54b982",
                                "is_error": true,
                                "name": "грамм"
                            },
                            "coefficient": 1000,
                            "description": "",
                            "id": "1bed8c4830a64ab987692730fb43e84c",
                            "is_error": true,
                            "name": "киллограмм"
                        }
                    },
                    "size": 100,
                    "unit": {
                        "base_unit": null,
                        "coefficient": 1,
                        "description": "",
                        "id": "5f73f137f82f4d7eb2d529a83b54b982",
                        "is_error": true,
                        "name": "грамм"
                    }
                },
                "Сахар": {
                    "description": "",
                    "id": "4f50b78ffb3f43848bdb08279ff95823",
                    "is_error": true,
                    "name": "Сахар",
                    "nomenclature": {
                        "description": "",
                        "group": {
                            "description": "",
                            "id": "18277c4705764bf0893dbd49f2930c34",
                            "is_error": true,
                            "name": "Ингредиенты"
                        },
                        "id": "e787ff8a837d40418f9121f1272616ab",
                        "is_error": true,
                        "name": "Сахар",
                        "unit": {
                            "base_unit": {
                                "base_unit": null,
                                "coefficient": 1,
                                "description": "",
                                "id": "5f73f137f82f4d7eb2d529a83b54b982",
                                "is_error": true,
                                "name": "грамм"
                            },
                            "coefficient": 1000,
                            "description": "",
                            "id": "1bed8c4830a64ab987692730fb43e84c",
                            "is_error": true,
                            "name": "киллограмм"
                        }
                    },
                    "size": 80,
                    "unit": {
                        "base_unit": null,
                        "coefficient": 1,
                        "description": "",
                        "id": "5f73f137f82f4d7eb2d529a83b54b982",
                        "is_error": true,
                        "name": "грамм"
                    }
                },
                "Сливочное масло": {
                    "description": "",
                    "id": "244833ce4dad4f21bbdddeb0bce73ec2",
                    "is_error": true,
                    "name": "Сливочное масло",
                    "nomenclature": {
                        "description": "",
                        "group": {
                            "description": "",
                            "id": "18277c4705764bf0893dbd49f2930c34",
                            "is_error": true,
                            "name": "Ингредиенты"
                        },
                        "id": "998f959f17704d85b0fad15936283032",
                        "is_error": true,
                        "name": "Сливочное масло",
                        "unit": {
                            "base_unit": {
                                "base_unit": null,
                                "coefficient": 1,
                                "description": "",
                                "id": "5f73f137f82f4d7eb2d529a83b54b982",
                                "is_error": true,
                                "name": "грамм"
                            },
                            "coefficient": 1000,
                            "description": "",
                            "id": "1bed8c4830a64ab987692730fb43e84c",
                            "is_error": true,
                            "name": "киллограмм"
                        }
                    },
                    "size": 70,
                    "unit": {
                        "base_unit": null,
                        "coefficient": 1,
                        "description": "",
                        "id": "5f73f137f82f4d7eb2d529a83b54b982",
                        "is_error": true,
                        "name": "грамм"
                    }
                },
                "Яйца": {
                    "description": "",
                    "id": "843cebf7329d41de9dff0ae4bdbb43cb",
                    "is_error": true,
                    "name": "Яйца",
                    "nomenclature": {
                        "description": "",
                        "group": {
                            "description": "",
                            "id": "18277c4705764bf0893dbd49f2930c34",
                            "is_error": true,
                            "name": "Ингредиенты"
                        },
                        "id": "8beba2f92e754eeda776859bc197af39",
                        "is_error": true,
                        "name": "Яйца",
                        "unit": {
                            "base_unit": null,
                            "coefficient": 1,
                            "description": "",
                            "id": "f1a87af30e0c4faca9c3184050b3e370",
                            "is_error": true,
                            "name": "штука"
                        }
                    },
                    "size": 1,
                    "unit": {
                        "base_unit": null,
                        "coefficient": 1,
                        "description": "",
                        "id": "f1a87af30e0c4faca9c3184050b3e370",
                        "is_error": true,
                        "name": "штука"
                    }
                }
            },
            "description": "",
            "id": "89a9226cf02643d8a9e856fbc0ca4351",
            "instructions": [
                {
                    "instructions": {
                        "instructions": {
                            "instructions": {
                                "instructions": "Масло положите в сотейник с толстым дном. Растопите его на маленьком огне на плите, на водяной бане либо в микроволновке."
                            }
                        }
                    }
                },
                {
                    "instructions": {
                        "instructions": {
                            "instructions": {
                                "instructions": "Добавьте в теплое масло сахар. Перемешайте венчиком до полного растворения сахара. От тепла сахар довольно быстро растает."
                            }
                        }
                    }
                },
                {
                    "instructions": {
                        "instructions": {
                            "instructions": {
                                "instructions": "Добавьте в масло яйцо. Предварительно все-таки проверьте масло, не горячее ли оно, иначе яйцо может свариться. Перемешайте яйцо с маслом до однородности."
                            }
                        }
                    }
                },
                {
                    "instructions": {
                        "instructions": {
                            "instructions": {
                                "instructions": "Всыпьте муку, добавьте ванилин."
                            }
                        }
                    }
                },
                {
                    "instructions": {
                        "instructions": {
                            "instructions": {
                                "instructions": "Перемешайте массу венчиком до состояния гладкого однородного теста."
                            }
                        }
                    }
                }
            ],
            "is_error": true,
            "name": "Вафли хрустящие в вафильнице",
            "netto": 0
        },
        {
            "brutto": 369,
            "comments": "",
            "consist": {
                "Белый хлеб": {
                    "description": "",
                    "id": "fe7a448350184766b6c57a1cea5df43e",
                    "is_error": true,
                    "name": "Белый хлеб",
                    "nomenclature": {
                        "description": "",
                        "group": {
                            "description": "",
                            "id": "18277c4705764bf0893dbd49f2930c34",
                            "is_error": true,
                            "name": "Ингредиенты"
                        },
                        "id": "3c8d6792212a4feba49e48770995ee55",
                        "is_error": true,
                        "name": "Белый хлеб",
                        "unit": {
                            "base_unit": {
                                "base_unit": null,
                                "coefficient": 1,
                                "description": "",
                                "id": "5f73f137f82f4d7eb2d529a83b54b982",
                                "is_error": true,
                                "name": "грамм"
                            },
                            "coefficient": 1000,
                            "description": "",
                            "id": "1bed8c4830a64ab987692730fb43e84c",
                            "is_error": true,
                            "name": "киллограмм"
                        }
                    },
                    "size": 30,
                    "unit": {
                        "base_unit": null,
                        "coefficient": 1,
                        "description": "",
                        "id": "5f73f137f82f4d7eb2d529a83b54b982",
                        "is_error": true,
                        "name": "грамм"
                    }
                },
                "Горчица дижонская": {
                    "description": "",
                    "id": "a5221530e2574658bb08fd2d55ef4a97",
                    "is_error": true,
                    "name": "Горчица дижонская",
                    "nomenclature": {
                        "description": "",
                        "group": {
                            "description": "",
                            "id": "18277c4705764bf0893dbd49f2930c34",
                            "is_error": true,
                            "name": "Ингредиенты"
                        },
                        "id": "af0af126ae0b41c38ea53544777721b9",
                        "is_error": true,
                        "name": "Горчица дижонская",
                        "unit": {
                            "base_unit": null,
                            "coefficient": 1,
                            "description": "",
                            "id": "4e2440552fd04af4b7d3df1031b2aedd",
                            "is_error": true,
                            "name": "грамм"
                        }
                    },
                    "size": 5,
                    "unit": {
                        "base_unit": null,
                        "coefficient": 1,
                        "description": "",
                        "id": "4e2440552fd04af4b7d3df1031b2aedd",
                        "is_error": true,
                        "name": "грамм"
                    }
                },
                "Куринное филе": {
                    "description": "",
                    "id": "8814e19f162e4b3db2a8233524c50955",
                    "is_error": true,
                    "name": "Куринное филе",
                    "nomenclature": {
                        "description": "",
                        "group": {
                            "description": "",
                            "id": "18277c4705764bf0893dbd49f2930c34",
                            "is_error": true,
                            "name": "Ингредиенты"
                        },
                        "id": "6a448c9b996646888ace90ed26a7547b",
                        "is_error": true,
                        "name": "Куринное филе",
                        "unit": {
                            "base_unit": {
                                "base_unit": null,
                                "coefficient": 1,
                                "description": "",
                                "id": "5f73f137f82f4d7eb2d529a83b54b982",
                                "is_error": true,
                                "name": "грамм"
                            },
                            "coefficient": 1000,
                            "description": "",
                            "id": "1bed8c4830a64ab987692730fb43e84c",
                            "is_error": true,
                            "name": "киллограмм"
                        }
                    },
                    "size": 200,
                    "unit": {
                        "base_unit": null,
                        "coefficient": 1,
                        "description": "",
                        "id": "5f73f137f82f4d7eb2d529a83b54b982",
                        "is_error": true,
                        "name": "грамм"
                    }
                },
                "Лимонный сок": {
                    "description": "",
                    "id": "2ca49b7384144e4eb07a3a8072de0d09",
                    "is_error": true,
                    "name": "Лимонный сок",
                    "nomenclature": {
                        "description": "",
                        "group": {
                            "description": "",
                            "id": "18277c4705764bf0893dbd49f2930c34",
                            "is_error": true,
                            "name": "Ингредиенты"
                        },
                        "id": "cdbbecb3fa594a799e5b4c6a14058c42",
                        "is_error": true,
                        "name": "Лимонный сок",
                        "unit": {
                            "base_unit": {
                                "base_unit": null,
                                "coefficient": 1,
                                "description": "",
                                "id": "11be8eb6981a4f49bbe0fe93f136a00e",
                                "is_error": true,
                                "name": "миллилитр"
                            },
                            "coefficient": 1000,
                            "description": "",
                            "id": "ce323ec5feb840c9843d4380a8630fcf",
                            "is_error": true,
                            "name": "литр"
                        }
                    },
                    "size": 5,
                    "unit": {
                        "base_unit": null,
                        "coefficient": 1,
                        "description": "",
                        "id": "11be8eb6981a4f49bbe0fe93f136a00e",
                        "is_error": true,
                        "name": "миллилитр"
                    }
                },
                "Оливковое масло": {
                    "description": "",
                    "id": "b9999b177e644de5b52f2acaab0a1d58",
                    "is_error": true,
                    "name": "Оливковое масло",
                    "nomenclature": {
                        "description": "",
                        "group": {
                            "description": "",
                            "id": "18277c4705764bf0893dbd49f2930c34",
                            "is_error": true,
                            "name": "Ингредиенты"
                        },
                        "id": "e8bc8e612eab4fecb1ba20b685267cc6",
                        "is_error": true,
                        "name": "Оливковое масло",
                        "unit": {
                            "base_unit": {
                                "base_unit": null,
                                "coefficient": 1,
                                "description": "",
                                "id": "11be8eb6981a4f49bbe0fe93f136a00e",
                                "is_error": true,
                                "name": "миллилитр"
                            },
                            "coefficient": 1000,
                            "description": "",
                            "id": "ce323ec5feb840c9843d4380a8630fcf",
                            "is_error": true,
                            "name": "литр"
                        }
                    },
                    "size": 10,
                    "unit": {
                        "base_unit": null,
                        "coefficient": 1,
                        "description": "",
                        "id": "11be8eb6981a4f49bbe0fe93f136a00e",
                        "is_error": true,
                        "name": "миллилитр"
                    }
                },
                "Салат Романо": {
                    "description": "",
                    "id": "2fccc854834a49ffb0f5a4f83801d2e5",
                    "is_error": true,
                    "name": "Салат Романо",
                    "nomenclature": {
                        "description": "",
                        "group": {
                            "description": "",
                            "id": "18277c4705764bf0893dbd49f2930c34",
                            "is_error": true,
                            "name": "Ингредиенты"
                        },
                        "id": "5b5936b9384a4fe59b24e3fd127377d0",
                        "is_error": true,
                        "name": "Салат Романо",
                        "unit": {
                            "base_unit": null,
                            "coefficient": 1,
                            "description": "",
                            "id": "4e2440552fd04af4b7d3df1031b2aedd",
                            "is_error": true,
                            "name": "грамм"
                        }
                    },
                    "size": 50,
                    "unit": {
                        "base_unit": null,
                        "coefficient": 1,
                        "description": "",
                        "id": "4e2440552fd04af4b7d3df1031b2aedd",
                        "is_error": true,
                        "name": "грамм"
                    }
                },
                "Соль": {
                    "description": "",
                    "id": "a36a115edf094b9184a550f994242eb5",
                    "is_error": true,
                    "name": "Соль",
                    "nomenclature": {
                        "description": "",
                        "group": {
                            "description": "",
                            "id": "18277c4705764bf0893dbd49f2930c34",
                            "is_error": true,
                            "name": "Ингредиенты"
                        },
                        "id": "fb5741984d24441789ecd2a2d0c6637a",
                        "is_error": true,
                        "name": "Соль",
                        "unit": {
                            "base_unit": {
                                "base_unit": null,
                                "coefficient": 1,
                                "description": "",
                                "id": "5f73f137f82f4d7eb2d529a83b54b982",
                                "is_error": true,
                                "name": "грамм"
                            },
                            "coefficient": 1000,
                            "description": "",
                            "id": "1bed8c4830a64ab987692730fb43e84c",
                            "is_error": true,
                            "name": "киллограмм"
                        }
                    },
                    "size": 5,
                    "unit": {
                        "base_unit": null,
                        "coefficient": 1,
                        "description": "",
                        "id": "5f73f137f82f4d7eb2d529a83b54b982",
                        "is_error": true,
                        "name": "грамм"
                    }
                },
                "Сыр Пармезан": {
                    "description": "",
                    "id": "a36abd4567394c7396c0fccc15dfaaa8",
                    "is_error": true,
                    "name": "Сыр Пармезан",
                    "nomenclature": {
                        "description": "",
                        "group": {
                            "description": "",
                            "id": "18277c4705764bf0893dbd49f2930c34",
                            "is_error": true,
                            "name": "Ингредиенты"
                        },
                        "id": "1696620e15b74a70b7fbd3c28076255b",
                        "is_error": true,
                        "name": "Сыр Пармезан",
                        "unit": {
                            "base_unit": {
                                "base_unit": null,
                                "coefficient": 1,
                                "description": "",
                                "id": "5f73f137f82f4d7eb2d529a83b54b982",
                                "is_error": true,
                                "name": "грамм"
                            },
                            "coefficient": 1000,
                            "description": "",
                            "id": "1bed8c4830a64ab987692730fb43e84c",
                            "is_error": true,
                            "name": "киллограмм"
                        }
                    },
                    "size": 50,
                    "unit": {
                        "base_unit": null,
                        "coefficient": 1,
                        "description": "",
                        "id": "5f73f137f82f4d7eb2d529a83b54b982",
                        "is_error": true,
                        "name": "грамм"
                    }
                },
                "Черный перец": {
                    "description": "",
                    "id": "1d51f6245b1d4f6db47670e91613a892",
                    "is_error": true,
                    "name": "Черный перец",
                    "nomenclature": {
                        "description": "",
                        "group": {
                            "description": "",
                            "id": "18277c4705764bf0893dbd49f2930c34",
                            "is_error": true,
                            "name": "Ингредиенты"
                        },
                        "id": "6ea66e6494ad447a996ad93fdb38697e",
                        "is_error": true,
                        "name": "Черный перец",
                        "unit": {
                            "base_unit": null,
                            "coefficient": 1,
                            "description": "",
                            "id": "4e2440552fd04af4b7d3df1031b2aedd",
                            "is_error": true,
                            "name": "грамм"
                        }
                    },
                    "size": 2,
                    "unit": {
                        "base_unit": null,
                        "coefficient": 1,
                        "description": "",
                        "id": "4e2440552fd04af4b7d3df1031b2aedd",
                        "is_error": true,
                        "name": "грамм"
                    }
                },
                "Чеснок": {
                    "description": "",
                    "id": "20f1bb98774f498080cb7dc59a0be7fd",
                    "is_error": true,
                    "name": "Чеснок",
                    "nomenclature": {
                        "description": "",
                        "group": {
                            "description": "",
                            "id": "18277c4705764bf0893dbd49f2930c34",
                            "is_error": true,
                            "name": "Ингредиенты"
                        },
                        "id": "87ae9afa51d74a94af801f7037d59d8d",
                        "is_error": true,
                        "name": "Чеснок",
                        "unit": {
                            "base_unit": {
                                "base_unit": null,
                                "coefficient": 1,
                                "description": "",
                                "id": "5f73f137f82f4d7eb2d529a83b54b982",
                                "is_error": true,
                                "name": "грамм"
                            },
                            "coefficient": 1000,
                            "description": "",
                            "id": "1bed8c4830a64ab987692730fb43e84c",
                            "is_error": true,
                            "name": "киллограмм"
                        }
                    },
                    "size": 10,
                    "unit": {
                        "base_unit": null,
                        "coefficient": 1,
                        "description": "",
                        "id": "5f73f137f82f4d7eb2d529a83b54b982",
                        "is_error": true,
                        "name": "грамм"
                    }
                },
                "Яйца": {
                    "description": "",
                    "id": "2ccd5d4a20a54eb0beebe0ee2fb87b41",
                    "is_error": true,
                    "name": "Яйца",
                    "nomenclature": {
                        "description": "",
                        "group": {
                            "description": "",
                            "id": "18277c4705764bf0893dbd49f2930c34",
                            "is_error": true,
                            "name": "Ингредиенты"
                        },
                        "id": "8beba2f92e754eeda776859bc197af39",
                        "is_error": true,
                        "name": "Яйца",
                        "unit": {
                            "base_unit": null,
                            "coefficient": 1,
                            "description": "",
                            "id": "f1a87af30e0c4faca9c3184050b3e370",
                            "is_error": true,
                            "name": "штука"
                        }
                    },
                    "size": 2,
                    "unit": {
                        "base_unit": null,
                        "coefficient": 1,
                        "description": "",
                        "id": "f1a87af30e0c4faca9c3184050b3e370",
                        "is_error": true,
                        "name": "штука"
                    }
                }
            },
            "description": "",
            "id": "c01913436f1a4d26b31359285fceb10f",
            "instructions": [],
            "is_error": true,
            "name": "Цезарь с курицей",
            "netto": 0
        },
        {
            "brutto": 213,
            "comments": "",
            "consist": {
                "Ванилиин": {
                    "description": "",
                    "id": "f58171de9ca34eecb26717784ed32133",
                    "is_error": true,
                    "name": "Ванилиин",
                    "nomenclature": {
                        "description": "",
                        "group": {
                            "description": "",
                            "id": "18277c4705764bf0893dbd49f2930c34",
                            "is_error": true,
                            "name": "Ингредиенты"
                        },
                        "id": "0be1452f2ae649e88008a595ba309aba",
                        "is_error": true,
                        "name": "Ванилиин",
                        "unit": {
                            "base_unit": null,
                            "coefficient": 1,
                            "description": "",
                            "id": "4e2440552fd04af4b7d3df1031b2aedd",
                            "is_error": true,
                            "name": "грамм"
                        }
                    },
                    "size": 5,
                    "unit": {
                        "base_unit": null,
                        "coefficient": 1,
                        "description": "",
                        "id": "4e2440552fd04af4b7d3df1031b2aedd",
                        "is_error": true,
                        "name": "грамм"
                    }
                },
                "Какао": {
                    "description": "",
                    "id": "e8e68575186d444e8c6d5c41918fba65",
                    "is_error": true,
                    "name": "Какао",
                    "nomenclature": {
                        "description": "",
                        "group": {
                            "description": "",
                            "id": "18277c4705764bf0893dbd49f2930c34",
                            "is_error": true,
                            "name": "Ингредиенты"
                        },
                        "id": "bf459ed1953f437fa0a1a7f2f3c87f46",
                        "is_error": true,
                        "name": "Какао",
                        "unit": {
                            "base_unit": {
                                "base_unit": null,
                                "coefficient": 1,
                                "description": "",
                                "id": "5f73f137f82f4d7eb2d529a83b54b982",
                                "is_error": true,
                                "name": "грамм"
                            },
                            "coefficient": 1000,
                            "description": "",
                            "id": "1bed8c4830a64ab987692730fb43e84c",
                            "is_error": true,
                            "name": "киллограмм"
                        }
                    },
                    "size": 20,
                    "unit": {
                        "base_unit": null,
                        "coefficient": 1,
                        "description": "",
                        "id": "5f73f137f82f4d7eb2d529a83b54b982",
                        "is_error": true,
                        "name": "грамм"
                    }
                },
                "Корица": {
                    "description": "",
                    "id": "dd8b376d6cd545589e2bf9937a8e44cd",
                    "is_error": true,
                    "name": "Корица",
                    "nomenclature": {
                        "description": "",
                        "group": {
                            "description": "",
                            "id": "18277c4705764bf0893dbd49f2930c34",
                            "is_error": true,
                            "name": "Ингредиенты"
                        },
                        "id": "f658b569df3d46709cce01b5a7383cd5",
                        "is_error": true,
                        "name": "Корица",
                        "unit": {
                            "base_unit": null,
                            "coefficient": 1,
                            "description": "",
                            "id": "4e2440552fd04af4b7d3df1031b2aedd",
                            "is_error": true,
                            "name": "грамм"
                        }
                    },
                    "size": 5,
                    "unit": {
                        "base_unit": null,
                        "coefficient": 1,
                        "description": "",
                        "id": "4e2440552fd04af4b7d3df1031b2aedd",
                        "is_error": true,
                        "name": "грамм"
                    }
                },
                "Сахарная пудра": {
                    "description": "",
                    "id": "b6c28c224bb44bf9a4b74bedc348af8c",
                    "is_error": true,
                    "name": "Сахарная пудра",
                    "nomenclature": {
                        "description": "",
                        "group": {
                            "description": "",
                            "id": "18277c4705764bf0893dbd49f2930c34",
                            "is_error": true,
                            "name": "Ингредиенты"
                        },
                        "id": "ffa7503c9ef64bdcb51b762fa3595649",
                        "is_error": true,
                        "name": "Сахарная пудра",
                        "unit": {
                            "base_unit": null,
                            "coefficient": 1,
                            "description": "",
                            "id": "4e2440552fd04af4b7d3df1031b2aedd",
                            "is_error": true,
                            "name": "грамм"
                        }
                    },
                    "size": 180,
                    "unit": {
                        "base_unit": null,
                        "coefficient": 1,
                        "description": "",
                        "id": "4e2440552fd04af4b7d3df1031b2aedd",
                        "is_error": true,
                        "name": "грамм"
                    }
                },
                "Яйца": {
                    "description": "",
                    "id": "44a484b273994bb3973beaa793576b3a",
                    "is_error": true,
                    "name": "Яйца",
                    "nomenclature": {
                        "description": "",
                        "group": {
                            "description": "",
                            "id": "18277c4705764bf0893dbd49f2930c34",
                            "is_error": true,
                            "name": "Ингредиенты"
                        },
                        "id": "8beba2f92e754eeda776859bc197af39",
                        "is_error": true,
                        "name": "Яйца",
                        "unit": {
                            "base_unit": null,
                            "coefficient": 1,
                            "description": "",
                            "id": "f1a87af30e0c4faca9c3184050b3e370",
                            "is_error": true,
                            "name": "штука"
                        }
                    },
                    "size": 3,
                    "unit": {
                        "base_unit": null,
                        "coefficient": 1,
                        "description": "",
                        "id": "f1a87af30e0c4faca9c3184050b3e370",
                        "is_error": true,
                        "name": "штука"
                    }
                }
            },
            "description": "",
            "id": "9c858076aacf425685bfbf60a0fd4267",
            "instructions": [],
            "is_error": true,
            "name": "Безе",
            "netto": 0
        }
    ],
    "storage_row_model": [
        {
            "description": "",
            "id": "a66dd566f8764eee9ca29f6dc5245eb1",
            "is_error": true,
            "name": "sample_credit_transaction",
            "nomenclature": {
                "description": "",
                "group": {
                    "description": "",
                    "id": "18277c4705764bf0893dbd49f2930c34",
                    "is_error": true,
                    "name": "Ингредиенты"
                },
                "id": "5c16c9c869c944ca81571f6cf70a790d",
                "is_error": true,
                "name": "Мука пшеничная",
                "unit": {
                    "base_unit": {
                        "base_unit": null,
                        "coefficient": 1,
                        "description": "",
                        "id": "5f73f137f82f4d7eb2d529a83b54b982",
                        "is_error": true,
                        "name": "грамм"
                    },
                    "coefficient": 1000,
                    "description": "",
                    "id": "1bed8c4830a64ab987692730fb43e84c",
                    "is_error": true,
                    "name": "киллограмм"
                }
            },
            "period": "2024-01-27",
            "storage": {
                "address": "г. Москва. ул. Академика Королева, 10",
                "description": "",
                "id": "1fbbced64e3e474eb27e0f464161c61b",
                "is_error": true,
                "name": "default"
            },
            "storage_type": true,
            "unit": {
                "base_unit": {
                    "base_unit": null,
                    "coefficient": 1,
                    "description": "",
                    "id": "d8e5cf980f724a0b97b6a5ef65af6b1b",
                    "is_error": true,
                    "name": "грамм"
                },
                "coefficient": 1000,
                "description": "",
                "id": "51fa5f0d487d4989bc4439e025a42255",
                "is_error": true,
                "name": "киллограмм"
            },
            "value": 1
        },
        {
            "description": "",
            "id": "b643d8e77fdf4459a6871281e8f10eac",
            "is_error": true,
            "name": "sample_credit_transaction",
            "nomenclature": {
                "description": "",
                "group": {
                    "description": "",
                    "id": "18277c4705764bf0893dbd49f2930c34",
                    "is_error": true,
                    "name": "Ингредиенты"
                },
                "id": "6ea66e6494ad447a996ad93fdb38697e",
                "is_error": true,
                "name": "Черный перец",
                "unit": {
                    "base_unit": null,
                    "coefficient": 1,
                    "description": "",
                    "id": "4e2440552fd04af4b7d3df1031b2aedd",
                    "is_error": true,
                    "name": "грамм"
                }
            },
            "period": "2024-01-15",
            "storage": {
                "address": "г. Москва. ул. Академика Королева, 10",
                "description": "",
                "id": "1fbbced64e3e474eb27e0f464161c61b",
                "is_error": true,
                "name": "default"
            },
            "storage_type": true,
            "unit": {
                "base_unit": null,
                "coefficient": 1,
                "description": "",
                "id": "8d5f31aa6ca84177a6bd5761ab50f6fc",
                "is_error": true,
                "name": "грамм"
            },
            "value": 50
        },
        {
            "description": "",
            "id": "da263ab918c34833a00b386b88781710",
            "is_error": true,
            "name": "sample_credit_transaction",
            "nomenclature": {
                "description": "",
                "group": {
                    "description": "",
                    "id": "18277c4705764bf0893dbd49f2930c34",
                    "is_error": true,
                    "name": "Ингредиенты"
                },
                "id": "e787ff8a837d40418f9121f1272616ab",
                "is_error": true,
                "name": "Сахар",
                "unit": {
                    "base_unit": {
                        "base_unit": null,
                        "coefficient": 1,
                        "description": "",
                        "id": "5f73f137f82f4d7eb2d529a83b54b982",
                        "is_error": true,
                        "name": "грамм"
                    },
                    "coefficient": 1000,
                    "description": "",
                    "id": "1bed8c4830a64ab987692730fb43e84c",
                    "is_error": true,
                    "name": "киллограмм"
                }
            },
            "period": "2024-01-28",
            "storage": {
                "address": "г. Москва. ул. Академика Королева, 10",
                "description": "",
                "id": "1fbbced64e3e474eb27e0f464161c61b",
                "is_error": true,
                "name": "default"
            },
            "storage_type": true,
            "unit": {
                "base_unit": {
                    "base_unit": null,
                    "coefficient": 1,
                    "description": "",
                    "id": "d8e5cf980f724a0b97b6a5ef65af6b1b",
                    "is_error": true,
                    "name": "грамм"
                },
                "coefficient": 1000,
                "description": "",
                "id": "51fa5f0d487d4989bc4439e025a42255",
                "is_error": true,
                "name": "киллограмм"
            },
            "value": 0.5
        },
        {
            "description": "",
            "id": "9bd6f1ce38574a268820d59aaf9a32ce",
            "is_error": true,
            "name": "sample_credit_transaction",
            "nomenclature": {
                "description": "",
                "group": {
                    "description": "",
                    "id": "18277c4705764bf0893dbd49f2930c34",
                    "is_error": true,
                    "name": "Ингредиенты"
                },
                "id": "8beba2f92e754eeda776859bc197af39",
                "is_error": true,
                "name": "Яйца",
                "unit": {
                    "base_unit": null,
                    "coefficient": 1,
                    "description": "",
                    "id": "f1a87af30e0c4faca9c3184050b3e370",
                    "is_error": true,
                    "name": "штука"
                }
            },
            "period": "2024-01-27",
            "storage": {
                "address": "г. Москва. ул. Академика Королева, 10",
                "description": "",
                "id": "1fbbced64e3e474eb27e0f464161c61b",
                "is_error": true,
                "name": "default"
            },
            "storage_type": true,
            "unit": {
                "base_unit": null,
                "coefficient": 1,
                "description": "",
                "id": "aaa9f8244b2a4f1ca199b0b376967213",
                "is_error": true,
                "name": "штука"
            },
            "value": 6
        },
        {
            "description": "",
            "id": "bf0a45ae55e048899dbce60f1ed7ea03",
            "is_error": true,
            "name": "sample_credit_transaction",
            "nomenclature": {
                "description": "",
                "group": {
                    "description": "",
                    "id": "18277c4705764bf0893dbd49f2930c34",
                    "is_error": true,
                    "name": "Ингредиенты"
                },
                "id": "e8bc8e612eab4fecb1ba20b685267cc6",
                "is_error": true,
                "name": "Оливковое масло",
                "unit": {
                    "base_unit": {
                        "base_unit": null,
                        "coefficient": 1,
                        "description": "",
                        "id": "11be8eb6981a4f49bbe0fe93f136a00e",
                        "is_error": true,
                        "name": "миллилитр"
                    },
                    "coefficient": 1000,
                    "description": "",
                    "id": "ce323ec5feb840c9843d4380a8630fcf",
                    "is_error": true,
                    "name": "литр"
                }
            },
            "period": "2024-01-03",
            "storage": {
                "address": "г. Москва. ул. Академика Королева, 10",
                "description": "",
                "id": "1fbbced64e3e474eb27e0f464161c61b",
                "is_error": true,
                "name": "default"
            },
            "storage_type": true,
            "unit": {
                "base_unit": {
                    "base_unit": null,
                    "coefficient": 1,
                    "description": "",
                    "id": "d113c297f698464a85cff3e803f36ce7",
                    "is_error": true,
                    "name": "миллилитр"
                },
                "coefficient": 1000,
                "description": "",
                "id": "d486cc7e786f4b828933d5ace911a875",
                "is_error": true,
                "name": "литр"
            },
            "value": 0.2
        },
        {
            "description": "",
            "id": "fb17787652844ae2b4cd276c81a588a1",
            "is_error": true,
            "name": "sample_credit_transaction",
            "nomenclature": {
                "description": "",
                "group": {
                    "description": "",
                    "id": "18277c4705764bf0893dbd49f2930c34",
                    "is_error": true,
                    "name": "Ингредиенты"
                },
                "id": "6a448c9b996646888ace90ed26a7547b",
                "is_error": true,
                "name": "Куринное филе",
                "unit": {
                    "base_unit": {
                        "base_unit": null,
                        "coefficient": 1,
                        "description": "",
                        "id": "5f73f137f82f4d7eb2d529a83b54b982",
                        "is_error": true,
                        "name": "грамм"
                    },
                    "coefficient": 1000,
                    "description": "",
                    "id": "1bed8c4830a64ab987692730fb43e84c",
                    "is_error": true,
                    "name": "киллограмм"
                }
            },
            "period": "2024-01-31",
            "storage": {
                "address": "г. Москва. ул. Академика Королева, 10",
                "description": "",
                "id": "1fbbced64e3e474eb27e0f464161c61b",
                "is_error": true,
                "name": "default"
            },
            "storage_type": true,
            "unit": {
                "base_unit": {
                    "base_unit": null,
                    "coefficient": 1,
                    "description": "",
                    "id": "d8e5cf980f724a0b97b6a5ef65af6b1b",
                    "is_error": true,
                    "name": "грамм"
                },
                "coefficient": 1000,
                "description": "",
                "id": "51fa5f0d487d4989bc4439e025a42255",
                "is_error": true,
                "name": "киллограмм"
            },
            "value": 0.5
        },
        {
            "description": "",
            "id": "30168c6837f04bd4b212d65d8ffd1eb0",
            "is_error": true,
            "name": "sample_credit_transaction",
            "nomenclature": {
                "description": "",
                "group": {
                    "description": "",
                    "id": "18277c4705764bf0893dbd49f2930c34",
                    "is_error": true,
                    "name": "Ингредиенты"
                },
                "id": "5b5936b9384a4fe59b24e3fd127377d0",
                "is_error": true,
                "name": "Салат Романо",
                "unit": {
                    "base_unit": null,
                    "coefficient": 1,
                    "description": "",
                    "id": "4e2440552fd04af4b7d3df1031b2aedd",
                    "is_error": true,
                    "name": "грамм"
                }
            },
            "period": "2024-01-21",
            "storage": {
                "address": "г. Москва. ул. Академика Королева, 10",
                "description": "",
                "id": "1fbbced64e3e474eb27e0f464161c61b",
                "is_error": true,
                "name": "default"
            },
            "storage_type": true,
            "unit": {
                "base_unit": null,
                "coefficient": 1,
                "description": "",
                "id": "aaa9f8244b2a4f1ca199b0b376967213",
                "is_error": true,
                "name": "штука"
            },
            "value": 1
        },
        {
            "description": "",
            "id": "9f2ecf8cbf64420882ee07e2024cfee3",
            "is_error": true,
            "name": "sample_credit_transaction",
            "nomenclature": {
                "description": "",
                "group": {
                    "description": "",
                    "id": "18277c4705764bf0893dbd49f2930c34",
                    "is_error": true,
                    "name": "Ингредиенты"
                },
                "id": "3c8d6792212a4feba49e48770995ee55",
                "is_error": true,
                "name": "Белый хлеб",
                "unit": {
                    "base_unit": {
                        "base_unit": null,
                        "coefficient": 1,
                        "description": "",
                        "id": "5f73f137f82f4d7eb2d529a83b54b982",
                        "is_error": true,
                        "name": "грамм"
                    },
                    "coefficient": 1000,
                    "description": "",
                    "id": "1bed8c4830a64ab987692730fb43e84c",
                    "is_error": true,
                    "name": "киллограмм"
                }
            },
            "period": "2024-01-09",
            "storage": {
                "address": "г. Москва. ул. Академика Королева, 10",
                "description": "",
                "id": "1fbbced64e3e474eb27e0f464161c61b",
                "is_error": true,
                "name": "default"
            },
            "storage_type": true,
            "unit": {
                "base_unit": null,
                "coefficient": 1,
                "description": "",
                "id": "aaa9f8244b2a4f1ca199b0b376967213",
                "is_error": true,
                "name": "штука"
            },
            "value": 3
        },
        {
            "description": "",
            "id": "5c18cef4d4584b9a80077766225eaaed",
            "is_error": true,
            "name": "sample_credit_transaction",
            "nomenclature": {
                "description": "",
                "group": {
                    "description": "",
                    "id": "18277c4705764bf0893dbd49f2930c34",
                    "is_error": true,
                    "name": "Ингредиенты"
                },
                "id": "1696620e15b74a70b7fbd3c28076255b",
                "is_error": true,
                "name": "Сыр Пармезан",
                "unit": {
                    "base_unit": {
                        "base_unit": null,
                        "coefficient": 1,
                        "description": "",
                        "id": "5f73f137f82f4d7eb2d529a83b54b982",
                        "is_error": true,
                        "name": "грамм"
                    },
                    "coefficient": 1000,
                    "description": "",
                    "id": "1bed8c4830a64ab987692730fb43e84c",
                    "is_error": true,
                    "name": "киллограмм"
                }
            },
            "period": "2024-01-27",
            "storage": {
                "address": "г. Москва. ул. Академика Королева, 10",
                "description": "",
                "id": "1fbbced64e3e474eb27e0f464161c61b",
                "is_error": true,
                "name": "default"
            },
            "storage_type": true,
            "unit": {
                "base_unit": {
                    "base_unit": null,
                    "coefficient": 1,
                    "description": "",
                    "id": "d8e5cf980f724a0b97b6a5ef65af6b1b",
                    "is_error": true,
                    "name": "грамм"
                },
                "coefficient": 1000,
                "description": "",
                "id": "51fa5f0d487d4989bc4439e025a42255",
                "is_error": true,
                "name": "киллограмм"
            },
            "value": 0.2
        },
        {
            "description": "",
            "id": "0cf3414a8d114f3c89db9741aa9acadf",
            "is_error": true,
            "name": "sample_credit_transaction",
            "nomenclature": {
                "description": "",
                "group": {
                    "description": "",
                    "id": "18277c4705764bf0893dbd49f2930c34",
                    "is_error": true,
                    "name": "Ингредиенты"
                },
                "id": "af0af126ae0b41c38ea53544777721b9",
                "is_error": true,
                "name": "Горчица дижонская",
                "unit": {
                    "base_unit": null,
                    "coefficient": 1,
                    "description": "",
                    "id": "4e2440552fd04af4b7d3df1031b2aedd",
                    "is_error": true,
                    "name": "грамм"
                }
            },
            "period": "2024-01-06",
            "storage": {
                "address": "г. Москва. ул. Академика Королева, 10",
                "description": "",
                "id": "1fbbced64e3e474eb27e0f464161c61b",
                "is_error": true,
                "name": "default"
            },
            "storage_type": true,
            "unit": {
                "base_unit": {
                    "base_unit": null,
                    "coefficient": 1,
                    "description": "",
                    "id": "d113c297f698464a85cff3e803f36ce7",
                    "is_error": true,
                    "name": "миллилитр"
                },
                "coefficient": 1000,
                "description": "",
                "id": "d486cc7e786f4b828933d5ace911a875",
                "is_error": true,
                "name": "литр"
            },
            "value": 0.1
        },
        {
            "description": "",
            "id": "2f2bede132d1485e9562ca13326ab5ac",
            "is_error": true,
            "name": "sample_credit_transaction",
            "nomenclature": {
                "description": "",
                "group": {
                    "description": "",
                    "id": "18277c4705764bf0893dbd49f2930c34",
                    "is_error": true,
                    "name": "Ингредиенты"
                },
                "id": "6ea66e6494ad447a996ad93fdb38697e",
                "is_error": true,
                "name": "Черный перец",
                "unit": {
                    "base_unit": null,
                    "coefficient": 1,
                    "description": "",
                    "id": "4e2440552fd04af4b7d3df1031b2aedd",
                    "is_error": true,
                    "name": "грамм"
                }
            },
            "period": "2024-01-17",
            "storage": {
                "address": "г. Москва. ул. Академика Королева, 10",
                "description": "",
                "id": "1fbbced64e3e474eb27e0f464161c61b",
                "is_error": true,
                "name": "default"
            },
            "storage_type": true,
            "unit": {
                "base_unit": null,
                "coefficient": 1,
                "description": "",
                "id": "8d5f31aa6ca84177a6bd5761ab50f6fc",
                "is_error": true,
                "name": "грамм"
            },
            "value": 10
        },
        {
            "description": "",
            "id": "15e085acf2224edab862af3d79dfeab5",
            "is_error": true,
            "name": "sample_credit_transaction",
            "nomenclature": {
                "description": "",
                "group": {
                    "description": "",
                    "id": "18277c4705764bf0893dbd49f2930c34",
                    "is_error": true,
                    "name": "Ингредиенты"
                },
                "id": "cdbbecb3fa594a799e5b4c6a14058c42",
                "is_error": true,
                "name": "Лимонный сок",
                "unit": {
                    "base_unit": {
                        "base_unit": null,
                        "coefficient": 1,
                        "description": "",
                        "id": "11be8eb6981a4f49bbe0fe93f136a00e",
                        "is_error": true,
                        "name": "миллилитр"
                    },
                    "coefficient": 1000,
                    "description": "",
                    "id": "ce323ec5feb840c9843d4380a8630fcf",
                    "is_error": true,
                    "name": "литр"
                }
            },
            "period": "2024-01-23",
            "storage": {
                "address": "г. Москва. ул. Академика Королева, 10",
                "description": "",
                "id": "1fbbced64e3e474eb27e0f464161c61b",
                "is_error": true,
                "name": "default"
            },
            "storage_type": true,
            "unit": {
                "base_unit": {
                    "base_unit": null,
                    "coefficient": 1,
                    "description": "",
                    "id": "d113c297f698464a85cff3e803f36ce7",
                    "is_error": true,
                    "name": "миллилитр"
                },
                "coefficient": 1000,
                "description": "",
                "id": "d486cc7e786f4b828933d5ace911a875",
                "is_error": true,
                "name": "литр"
            },
            "value": 1
        },
        {
            "description": "",
            "id": "a77598bd2dc944cc9c9ed05579c0caa4",
            "is_error": true,
            "name": "sample_credit_transaction",
            "nomenclature": {
                "description": "",
                "group": {
                    "description": "",
                    "id": "18277c4705764bf0893dbd49f2930c34",
                    "is_error": true,
                    "name": "Ингредиенты"
                },
                "id": "bf459ed1953f437fa0a1a7f2f3c87f46",
                "is_error": true,
                "name": "Какао",
                "unit": {
                    "base_unit": {
                        "base_unit": null,
                        "coefficient": 1,
                        "description": "",
                        "id": "5f73f137f82f4d7eb2d529a83b54b982",
                        "is_error": true,
                        "name": "грамм"
                    },
                    "coefficient": 1000,
                    "description": "",
                    "id": "1bed8c4830a64ab987692730fb43e84c",
                    "is_error": true,
                    "name": "киллограмм"
                }
            },
            "period": "2024-01-12",
            "storage": {
                "address": "г. Москва. ул. Академика Королева, 10",
                "description": "",
                "id": "1fbbced64e3e474eb27e0f464161c61b",
                "is_error": true,
                "name": "default"
            },
            "storage_type": true,
            "unit": {
                "base_unit": {
                    "base_unit": null,
                    "coefficient": 1,
                    "description": "",
                    "id": "d8e5cf980f724a0b97b6a5ef65af6b1b",
                    "is_error": true,
                    "name": "грамм"
                },
                "coefficient": 1000,
                "description": "",
                "id": "51fa5f0d487d4989bc4439e025a42255",
                "is_error": true,
                "name": "киллограмм"
            },
            "value": 1
        },
        {
            "description": "",
            "id": "22df33c9d3a543d980c9cda91fe7685c",
            "is_error": true,
            "name": "sample_credit_transaction",
            "nomenclature": {
                "description": "",
                "group": {
                    "description": "",
                    "id": "18277c4705764bf0893dbd49f2930c34",
                    "is_error": true,
                    "name": "Ингредиенты"
                },
                "id": "998f959f17704d85b0fad15936283032",
                "is_error": true,
                "name": "Сливочное масло",
                "unit": {
                    "base_unit": {
                        "base_unit": null,
                        "coefficient": 1,
                        "description": "",
                        "id": "5f73f137f82f4d7eb2d529a83b54b982",
                        "is_error": true,
                        "name": "грамм"
                    },
                    "coefficient": 1000,
                    "description": "",
                    "id": "1bed8c4830a64ab987692730fb43e84c",
                    "is_error": true,
                    "name": "киллограмм"
                }
            },
            "period": "2024-01-12",
            "storage": {
                "address": "г. Москва. ул. Академика Королева, 10",
                "description": "",
                "id": "1fbbced64e3e474eb27e0f464161c61b",
                "is_error": true,
                "name": "default"
            },
            "storage_type": true,
            "unit": {
                "base_unit": {
                    "base_unit": null,
                    "coefficient": 1,
                    "description": "",
                    "id": "d8e5cf980f724a0b97b6a5ef65af6b1b",
                    "is_error": true,
                    "name": "грамм"
                },
                "coefficient": 1000,
                "description": "",
                "id": "51fa5f0d487d4989bc4439e025a42255",
                "is_error": true,
                "name": "киллограмм"
            },
            "value": 0.5
        },
        {
            "description": "",
            "id": "1a35d9478dcd49ecae266acf21c50da3",
            "is_error": true,
            "name": "sample_credit_transaction",
            "nomenclature": {
                "description": "",
                "group": {
                    "description": "",
                    "id": "18277c4705764bf0893dbd49f2930c34",
                    "is_error": true,
                    "name": "Ингредиенты"
                },
                "id": "1696620e15b74a70b7fbd3c28076255b",
                "is_error": true,
                "name": "Сыр Пармезан",
                "unit": {
                    "base_unit": {
                        "base_unit": null,
                        "coefficient": 1,
                        "description": "",
                        "id": "5f73f137f82f4d7eb2d529a83b54b982",
                        "is_error": true,
                        "name": "грамм"
                    },
                    "coefficient": 1000,
                    "description": "",
                    "id": "1bed8c4830a64ab987692730fb43e84c",
                    "is_error": true,
                    "name": "киллограмм"
                }
            },
            "period": "2024-01-24",
            "storage": {
                "address": "г. Москва. ул. Академика Королева, 10",
                "description": "",
                "id": "1fbbced64e3e474eb27e0f464161c61b",
                "is_error": true,
                "name": "default"
            },
            "storage_type": true,
            "unit": {
                "base_unit": {
                    "base_unit": null,
                    "coefficient": 1,
                    "description": "",
                    "id": "d8e5cf980f724a0b97b6a5ef65af6b1b",
                    "is_error": true,
                    "name": "грамм"
                },
                "coefficient": 1000,
                "description": "",
                "id": "51fa5f0d487d4989bc4439e025a42255",
                "is_error": true,
                "name": "киллограмм"
            },
            "value": 0.3
        },
        {
            "description": "",
            "id": "26f95d36c7d149d9bd42e36a185ea846",
            "is_error": true,
            "name": "sample_credit_transaction",
            "nomenclature": {
                "description": "",
                "group": {
                    "description": "",
                    "id": "18277c4705764bf0893dbd49f2930c34",
                    "is_error": true,
                    "name": "Ингредиенты"
                },
                "id": "0be1452f2ae649e88008a595ba309aba",
                "is_error": true,
                "name": "Ванилиин",
                "unit": {
                    "base_unit": null,
                    "coefficient": 1,
                    "description": "",
                    "id": "4e2440552fd04af4b7d3df1031b2aedd",
                    "is_error": true,
                    "name": "грамм"
                }
            },
            "period": "2024-01-18",
            "storage": {
                "address": "г. Москва. ул. Академика Королева, 10",
                "description": "",
                "id": "1fbbced64e3e474eb27e0f464161c61b",
                "is_error": true,
                "name": "default"
            },
            "storage_type": true,
            "unit": {
                "base_unit": null,
                "coefficient": 1,
                "description": "",
                "id": "8d5f31aa6ca84177a6bd5761ab50f6fc",
                "is_error": true,
                "name": "грамм"
            },
            "value": 100
        },
        {
            "description": "",
            "id": "9c495297d49540e68eb0f08ff6a9e9a8",
            "is_error": true,
            "name": "sample_credit_transaction",
            "nomenclature": {
                "description": "",
                "group": {
                    "description": "",
                    "id": "18277c4705764bf0893dbd49f2930c34",
                    "is_error": true,
                    "name": "Ингредиенты"
                },
                "id": "fb5741984d24441789ecd2a2d0c6637a",
                "is_error": true,
                "name": "Соль",
                "unit": {
                    "base_unit": {
                        "base_unit": null,
                        "coefficient": 1,
                        "description": "",
                        "id": "5f73f137f82f4d7eb2d529a83b54b982",
                        "is_error": true,
                        "name": "грамм"
                    },
                    "coefficient": 1000,
                    "description": "",
                    "id": "1bed8c4830a64ab987692730fb43e84c",
                    "is_error": true,
                    "name": "киллограмм"
                }
            },
            "period": "2024-01-01",
            "storage": {
                "address": "г. Москва. ул. Академика Королева, 10",
                "description": "",
                "id": "1fbbced64e3e474eb27e0f464161c61b",
                "is_error": true,
                "name": "default"
            },
            "storage_type": true,
            "unit": {
                "base_unit": {
                    "base_unit": null,
                    "coefficient": 1,
                    "description": "",
                    "id": "d8e5cf980f724a0b97b6a5ef65af6b1b",
                    "is_error": true,
                    "name": "грамм"
                },
                "coefficient": 1000,
                "description": "",
                "id": "51fa5f0d487d4989bc4439e025a42255",
                "is_error": true,
                "name": "киллограмм"
            },
            "value": 1
        }
    ],
    "unit_model": [
        {
            "base_unit": null,
            "coefficient": 1,
            "description": "",
            "id": "8d5f31aa6ca84177a6bd5761ab50f6fc",
            "is_error": true,
            "name": "грамм"
        },
        {
            "base_unit": {
                "base_unit": null,
                "coefficient": 1,
                "description": "",
                "id": "d8e5cf980f724a0b97b6a5ef65af6b1b",
                "is_error": true,
                "name": "грамм"
            },
            "coefficient": 1000,
            "description": "",
            "id": "51fa5f0d487d4989bc4439e025a42255",
            "is_error": true,
            "name": "киллограмм"
        },
        {
            "base_unit": {
                "base_unit": null,
                "coefficient": 1,
                "description": "",
                "id": "d113c297f698464a85cff3e803f36ce7",
                "is_error": true,
                "name": "миллилитр"
            },
            "coefficient": 1000,
            "description": "",
            "id": "d486cc7e786f4b828933d5ace911a875",
            "is_error": true,
            "name": "литр"
        },
        {
            "base_unit": null,
            "coefficient": 1,
            "description": "",
            "id": "ab87512809eb4da6bf6cc026c6740983",
            "is_error": true,
            "name": "миллилитр"
        },
        {
            "base_unit": null,
            "coefficient": 1,
            "description": "",
            "id": "aaa9f8244b2a4f1ca199b0b376967213",
            "is_error": true,
            "name": "штука"
        }
    ]
}